Category_Name,Venue_Distance,Category_ID,Venue_Rating
Escape Room,11,5f2c2834b6d05514c704451e,Not Rated
Poke Place,20,5bae9231bedf3950379f89d4,Not Rated
Cooking School,49,58daa1558bbb0b01f18ec200,Not Rated
Child Care Service,61,5744ccdfe4b0c0459246b4c7,Not Rated
Public Bathroom,33,5744ccdfe4b0c0459246b4c4,Not Rated
Physical Therapist,211,5744ccdfe4b0c0459246b4af,Not Rated
Bike Trail,531,56aa371be4b08b9a8d57355e,Not Rated
Vape Store,78,56aa371be4b08b9a8d57355c,Not Rated
Fountain,49,56aa371be4b08b9a8d573547,Not Rated
Airport Service,3141,56aa371be4b08b9a8d57352f,Not Rated
Airport Service,659,56aa371be4b08b9a8d57352f,Not Rated
Business Center,562,56aa371be4b08b9a8d573517,Not Rated
Food Stand,85,56aa371be4b08b9a8d57350b,Not Rated
Amphitheater,86,56aa371be4b08b9a8d5734db,Not Rated
Photography Studio,121,554a5e17498efabeda6cc559,Not Rated
Photography Studio,10,554a5e17498efabeda6cc559,Not Rated
Transportation Service,470,54541b70498ea6ccd0204bff,Not Rated
Health & Beauty Service,203,54541900498ea6ccd0202697,Not Rated
Health & Beauty Service,37,54541900498ea6ccd0202697,Not Rated
Event Service,10,5454152e498ef71e2b9132c6,Not Rated
Construction & Landscaping,1508,5454144b498ec1f095bff2f2,Not Rated
Business Service,10,5453de49498eade8af355881,Not Rated
Business Service,2,5453de49498eade8af355881,Not Rated
Trailer Park,639,52f2ab2ebcbc57f1066b8b55,Not Rated
Bus Stop,479,52f2ab2ebcbc57f1066b8b4f,Not Rated
Bus Stop,346,52f2ab2ebcbc57f1066b8b4f,Not Rated
Bus Stop,291,52f2ab2ebcbc57f1066b8b4f,Not Rated
Bus Stop,163,52f2ab2ebcbc57f1066b8b4f,Not Rated
Bus Stop,99,52f2ab2ebcbc57f1066b8b4f,Not Rated
Bus Stop,99,52f2ab2ebcbc57f1066b8b4f,Not Rated
Bus Stop,89,52f2ab2ebcbc57f1066b8b4f,Not Rated
Bus Stop,50,52f2ab2ebcbc57f1066b8b4f,Not Rated
Bus Stop,37,52f2ab2ebcbc57f1066b8b4f,Not Rated
Bus Stop,24,52f2ab2ebcbc57f1066b8b4f,Not Rated
Toll Plaza,1076,52f2ab2ebcbc57f1066b8b4e,Not Rated
Tunnel,2169,52f2ab2ebcbc57f1066b8b4a,Not Rated
Supermarket,177,52f2ab2ebcbc57f1066b8b46,Not Rated
Supermarket,30,52f2ab2ebcbc57f1066b8b46,Not Rated
Organic Grocery,213,52f2ab2ebcbc57f1066b8b45,Not Rated
Big Box Store,91,52f2ab2ebcbc57f1066b8b42,Not Rated
Massage Studio,23,52f2ab2ebcbc57f1066b8b3c,Not Rated
Massage Studio,15,52f2ab2ebcbc57f1066b8b3c,Not Rated
Shoe Repair,32,52f2ab2ebcbc57f1066b8b39,Not Rated
Recording Studio,15,52f2ab2ebcbc57f1066b8b37,Not Rated
IT Services,2349,52f2ab2ebcbc57f1066b8b36,Not Rated
Laundromat,333,52f2ab2ebcbc57f1066b8b33,Not Rated
Laundromat,174,52f2ab2ebcbc57f1066b8b33,Not Rated
Laundromat,168,52f2ab2ebcbc57f1066b8b33,Not Rated
Used Bookstore,32,52f2ab2ebcbc57f1066b8b30,Not Rated
Print Shop,431,52f2ab2ebcbc57f1066b8b28,Not Rated
Print Shop,64,52f2ab2ebcbc57f1066b8b28,Not Rated
Shipping Store,62,52f2ab2ebcbc57f1066b8b1f,Not Rated
Shipping Store,20,52f2ab2ebcbc57f1066b8b1f,Not Rated
Dry Cleaner,1270,52f2ab2ebcbc57f1066b8b1d,Not Rated
Fruit & Vegetable Store,32,52f2ab2ebcbc57f1066b8b1c,Not Rated
Fishing Store,76,52f2ab2ebcbc57f1066b8b16,Not Rated
Acupuncturist,138,52e81612bcbc57f1066b7a3b,Not Rated
Mental Health Office,49,52e81612bcbc57f1066b7a39,Not Rated
Mental Health Office,19,52e81612bcbc57f1066b7a39,Not Rated
Warehouse,1231,52e81612bcbc57f1066b7a36,Not Rated
Warehouse,1018,52e81612bcbc57f1066b7a36,Not Rated
Club House,473,52e81612bcbc57f1066b7a35,Not Rated
Community Center,1451,52e81612bcbc57f1066b7a34,Not Rated
Recreation Center,1399,52e81612bcbc57f1066b7a26,Not Rated
Recreation Center,1008,52e81612bcbc57f1066b7a26,Not Rated
Pedestrian Plaza,133,52e81612bcbc57f1066b7a25,Not Rated
Pedestrian Plaza,107,52e81612bcbc57f1066b7a25,Not Rated
Pedestrian Plaza,37,52e81612bcbc57f1066b7a25,Not Rated
Gun Range,968,52e81612bcbc57f1066b7a11,Not Rated
Bubble Tea Shop,237,52e81612bcbc57f1066b7a0c,Not Rated
Bubble Tea Shop,224,52e81612bcbc57f1066b7a0c,Not Rated
Bubble Tea Shop,206,52e81612bcbc57f1066b7a0c,Not Rated
Bubble Tea Shop,21,52e81612bcbc57f1066b7a0c,Not Rated
Kosher Restaurant,100,52e81612bcbc57f1066b79fc,Not Rated
Creperie,56,52e81612bcbc57f1066b79f2,Not Rated
Creperie,49,52e81612bcbc57f1066b79f2,Not Rated
Creperie,13,52e81612bcbc57f1066b79f2,Not Rated
Outdoor Sculpture,59,52e81612bcbc57f1066b79ed,Not Rated
Outdoor Sculpture,49,52e81612bcbc57f1066b79ed,Not Rated
Discount Store,764,52dea92d3cf9994f4e043dbb,Not Rated
Discount Store,132,52dea92d3cf9994f4e043dbb,Not Rated
Discount Store,99,52dea92d3cf9994f4e043dbb,Not Rated
Discount Store,45,52dea92d3cf9994f4e043dbb,Not Rated
Marijuana Dispensary,698,52c71aaf3cf9994f4e043d17,Not Rated
Szechuan Restaurant,29,52af3b773cf9994f4e043c03,Not Rated
Szechuan Restaurant,26,52af3b773cf9994f4e043c03,Not Rated
Cantonese Restaurant,188,52af3a7c3cf9994f4e043bed,Not Rated
Theme Park Ride / Attraction,15768,5109983191d435c0d71c2bb1,Not Rated
Theme Park Ride / Attraction,241,5109983191d435c0d71c2bb1,Not Rated
Theme Park Ride / Attraction,200,5109983191d435c0d71c2bb1,Not Rated
Theme Park Ride / Attraction,189,5109983191d435c0d71c2bb1,Not Rated
Theme Park Ride / Attraction,163,5109983191d435c0d71c2bb1,Not Rated
Theme Park Ride / Attraction,132,5109983191d435c0d71c2bb1,Not Rated
Theme Park Ride / Attraction,121,5109983191d435c0d71c2bb1,Not Rated
Theme Park Ride / Attraction,110,5109983191d435c0d71c2bb1,Not Rated
Theme Park Ride / Attraction,81,5109983191d435c0d71c2bb1,Not Rated
Theme Park Ride / Attraction,75,5109983191d435c0d71c2bb1,Not Rated
Theme Park Ride / Attraction,66,5109983191d435c0d71c2bb1,Not Rated
Theme Park Ride / Attraction,50,5109983191d435c0d71c2bb1,Not Rated
Theme Park Ride / Attraction,45,5109983191d435c0d71c2bb1,Not Rated
Theme Park Ride / Attraction,41,5109983191d435c0d71c2bb1,Not Rated
Theme Park Ride / Attraction,37,5109983191d435c0d71c2bb1,Not Rated
Theme Park Ride / Attraction,36,5109983191d435c0d71c2bb1,Not Rated
Theme Park Ride / Attraction,36,5109983191d435c0d71c2bb1,Not Rated
Theme Park Ride / Attraction,33,5109983191d435c0d71c2bb1,Not Rated
Theme Park Ride / Attraction,29,5109983191d435c0d71c2bb1,Not Rated
Theme Park Ride / Attraction,22,5109983191d435c0d71c2bb1,Not Rated
Theme Park Ride / Attraction,21,5109983191d435c0d71c2bb1,Not Rated
Theme Park Ride / Attraction,19,5109983191d435c0d71c2bb1,Not Rated
Theme Park Ride / Attraction,18,5109983191d435c0d71c2bb1,Not Rated
Theme Park Ride / Attraction,16,5109983191d435c0d71c2bb1,Not Rated
Theme Park Ride / Attraction,16,5109983191d435c0d71c2bb1,Not Rated
Theme Park Ride / Attraction,9,5109983191d435c0d71c2bb1,Not Rated
Theme Park Ride / Attraction,7,5109983191d435c0d71c2bb1,Not Rated
Market,14,50be8ee891d4fa8dcc7199a7,Not Rated
Public Art,17,507c8c4091d498d9fc8c67a9,Not Rated
Non-Profit,501,50328a8e91d4c4b30a586d6c,Not Rated
Pet Service,474,5032897c91d4c4b30a586d69,Not Rated
Assisted Living,1251,5032891291d4c4b30a586d68,Not Rated
Real Estate Office,23,5032885091d4c4b30a586d66,Not Rated
Real Estate Office,20,5032885091d4c4b30a586d66,Not Rated
Financial or Legal Service,56,503287a291d4c4b30a586d65,Not Rated
Financial or Legal Service,12,503287a291d4c4b30a586d65,Not Rated
Brewery,443,50327c8591d4c4b30a586d5d,Not Rated
Tailor Shop,31,5032781d91d4c4b30a586d5b,Not Rated
Tailor Shop,10,5032781d91d4c4b30a586d5b,Not Rated
Well,5,4fbc1be21983fc883593e321,Not Rated
Funeral Home,59,4f4534884b9074f6e4fb0174,Not Rated
Elementary School,769,4f4533804b9074f6e4fb0105,Not Rated
Elementary School,732,4f4533804b9074f6e4fb0105,Not Rated
Elementary School,157,4f4533804b9074f6e4fb0105,Not Rated
Elementary School,126,4f4533804b9074f6e4fb0105,Not Rated
Elementary School,78,4f4533804b9074f6e4fb0105,Not Rated
Elementary School,59,4f4533804b9074f6e4fb0105,Not Rated
Elementary School,54,4f4533804b9074f6e4fb0105,Not Rated
Platform,34,4f4531504b9074f6e4fb0102,Not Rated
Recycling Facility,239,4f4531084b9074f6e4fb0101,Not Rated
Athletics & Sports,766,4f4528bc4b90abdf24c9de85,Not Rated
Athletics & Sports,69,4f4528bc4b90abdf24c9de85,Not Rated
Moving Target,453,4f2a23984b9023bd5841ed2c,Not Rated
Moving Target,24,4f2a23984b9023bd5841ed2c,Not Rated
Moving Target,8,4f2a23984b9023bd5841ed2c,Not Rated
Housing Development,302,4f2a210c4b9023bd5841ed28,Not Rated
Housing Development,264,4f2a210c4b9023bd5841ed28,Not Rated
Housing Development,251,4f2a210c4b9023bd5841ed28,Not Rated
Housing Development,104,4f2a210c4b9023bd5841ed28,Not Rated
Storage Facility,1368,4f04b1572fb6e1c99f3db0bf,Not Rated
Storage Facility,1332,4f04b1572fb6e1c99f3db0bf,Not Rated
Storage Facility,198,4f04b1572fb6e1c99f3db0bf,Not Rated
Mobile Phone Shop,75,4f04afc02fb6e1c99f3db0bc,Not Rated
Mobile Phone Shop,11,4f04afc02fb6e1c99f3db0bc,Not Rated
Nail Salon,1286,4f04aa0c2fb6e1c99f3db0b8,Not Rated
Nail Salon,1268,4f04aa0c2fb6e1c99f3db0b8,Not Rated
Nail Salon,121,4f04aa0c2fb6e1c99f3db0b8,Not Rated
Nail Salon,120,4f04aa0c2fb6e1c99f3db0b8,Not Rated
Nail Salon,5,4f04aa0c2fb6e1c99f3db0b8,Not Rated
Fish & Chips Shop,1619,4edd64a0c7ddd24ca188df1a,Not Rated
Mountain,2176,4eb1d4d54b900d56c88a45fc,Not Rated
Mountain,33,4eb1d4d54b900d56c88a45fc,Not Rated
Mountain,9,4eb1d4d54b900d56c88a45fc,Not Rated
Mountain,9,4eb1d4d54b900d56c88a45fc,Not Rated
Mountain,7,4eb1d4d54b900d56c88a45fc,Not Rated
Mountain,6,4eb1d4d54b900d56c88a45fc,Not Rated
Auto Dealership,286,4eb1c1623b7b52c0e1adc2ec,Not Rated
Garden Center,774,4eb1c0253b7b52c0e1adc2e9,Not Rated
Garden Center,72,4eb1c0253b7b52c0e1adc2e9,Not Rated
Garden Center,11,4eb1c0253b7b52c0e1adc2e9,Not Rated
Factory,13358,4eb1bea83b7b6f98df247e06,Not Rated
Factory,1152,4eb1bea83b7b6f98df247e06,Not Rated
Factory,1126,4eb1bea83b7b6f98df247e06,Not Rated
Factory,842,4eb1bea83b7b6f98df247e06,Not Rated
Factory,63,4eb1bea83b7b6f98df247e06,Not Rated
Factory,52,4eb1bea83b7b6f98df247e06,Not Rated
Filipino Restaurant,196,4eb1bd1c3b7b55596b4a748f,Not Rated
Pier,60,4e74f6cabd41c4836eac4c31,Not Rated
Animal Shelter,1133,4e52d2d203646f7c19daa8ae,Not Rated
Animal Shelter,13,4e52d2d203646f7c19daa8ae,Not Rated
Bike Rental / Bike Share,137,4e4c9077bd41f78e849722f9,Not Rated
Bike Rental / Bike Share,137,4e4c9077bd41f78e849722f9,Not Rated
Bike Rental / Bike Share,119,4e4c9077bd41f78e849722f9,Not Rated
Bike Rental / Bike Share,27,4e4c9077bd41f78e849722f9,Not Rated
Bike Rental / Bike Share,10,4e4c9077bd41f78e849722f9,Not Rated
Tennis Court,313,4e39a956bd410d7aed40cbc3,Not Rated
Historic Site,69,4deefb944765f83613cdba6e,Not Rated
Historic Site,33,4deefb944765f83613cdba6e,Not Rated
Historic Site,10,4deefb944765f83613cdba6e,Not Rated
Rest Area,50,4d954b16a243a5684b65b473,Not Rated
Convenience Store,535,4d954b0ea243a5684a65b473,Not Rated
Convenience Store,36,4d954b0ea243a5684a65b473,Not Rated
Convenience Store,23,4d954b0ea243a5684a65b473,Not Rated
Convenience Store,14,4d954b0ea243a5684a65b473,Not Rated
Residential Building (Apartment / Condo),10461,4d954b06a243a5684965b473,Not Rated
Residential Building (Apartment / Condo),1325,4d954b06a243a5684965b473,Not Rated
Residential Building (Apartment / Condo),914,4d954b06a243a5684965b473,Not Rated
Residential Building (Apartment / Condo),856,4d954b06a243a5684965b473,Not Rated
Residential Building (Apartment / Condo),398,4d954b06a243a5684965b473,Not Rated
Residential Building (Apartment / Condo),335,4d954b06a243a5684965b473,Not Rated
Residential Building (Apartment / Condo),318,4d954b06a243a5684965b473,Not Rated
Residential Building (Apartment / Condo),314,4d954b06a243a5684965b473,Not Rated
Residential Building (Apartment / Condo),257,4d954b06a243a5684965b473,Not Rated
Residential Building (Apartment / Condo),249,4d954b06a243a5684965b473,Not Rated
Residential Building (Apartment / Condo),219,4d954b06a243a5684965b473,Not Rated
Residential Building (Apartment / Condo),155,4d954b06a243a5684965b473,Not Rated
Residential Building (Apartment / Condo),140,4d954b06a243a5684965b473,Not Rated
Residential Building (Apartment / Condo),111,4d954b06a243a5684965b473,Not Rated
Residential Building (Apartment / Condo),111,4d954b06a243a5684965b473,Not Rated
Residential Building (Apartment / Condo),108,4d954b06a243a5684965b473,Not Rated
Residential Building (Apartment / Condo),90,4d954b06a243a5684965b473,Not Rated
Residential Building (Apartment / Condo),79,4d954b06a243a5684965b473,Not Rated
Residential Building (Apartment / Condo),77,4d954b06a243a5684965b473,Not Rated
Residential Building (Apartment / Condo),54,4d954b06a243a5684965b473,Not Rated
Residential Building (Apartment / Condo),48,4d954b06a243a5684965b473,Not Rated
Residential Building (Apartment / Condo),46,4d954b06a243a5684965b473,Not Rated
Residential Building (Apartment / Condo),41,4d954b06a243a5684965b473,Not Rated
Residential Building (Apartment / Condo),36,4d954b06a243a5684965b473,Not Rated
Residential Building (Apartment / Condo),34,4d954b06a243a5684965b473,Not Rated
Residential Building (Apartment / Condo),29,4d954b06a243a5684965b473,Not Rated
Residential Building (Apartment / Condo),28,4d954b06a243a5684965b473,Not Rated
Residential Building (Apartment / Condo),26,4d954b06a243a5684965b473,Not Rated
Residential Building (Apartment / Condo),25,4d954b06a243a5684965b473,Not Rated
Residential Building (Apartment / Condo),23,4d954b06a243a5684965b473,Not Rated
Residential Building (Apartment / Condo),14,4d954b06a243a5684965b473,Not Rated
Residential Building (Apartment / Condo),5,4d954b06a243a5684965b473,Not Rated
Veterinarian,582,4d954af4a243a5684765b473,Not Rated
Veterinarian,347,4d954af4a243a5684765b473,Not Rated
Veterinarian,305,4d954af4a243a5684765b473,Not Rated
Veterinarian,130,4d954af4a243a5684765b473,Not Rated
Travel & Transport,146,4d4b7105d754a06379d81259,Not Rated
Shop & Service,247,4d4b7105d754a06378d81259,Not Rated
Shop & Service,18,4d4b7105d754a06378d81259,Not Rated
Shop & Service,13,4d4b7105d754a06378d81259,Not Rated
Outdoors & Recreation,716,4d4b7105d754a06377d81259,Not Rated
Professional & Other Places,719,4d4b7105d754a06375d81259,Not Rated
Arts & Entertainment,14,4d4b7104d754a06370d81259,Not Rated
Fried Chicken Joint,233,4d4ae6fc7a7b7dea34424761,Not Rated
Fried Chicken Joint,14,4d4ae6fc7a7b7dea34424761,Not Rated
Tanning Salon,227,4d1cf8421a97d635ce361c31,Not Rated
Soccer Field,1414,4cce455aebf7b749d5e191f5,Not Rated
Soccer Field,1112,4cce455aebf7b749d5e191f5,Not Rated
Soccer Field,980,4cce455aebf7b749d5e191f5,Not Rated
Soccer Field,973,4cce455aebf7b749d5e191f5,Not Rated
Soccer Field,542,4cce455aebf7b749d5e191f5,Not Rated
Parking,914,4c38df4de52ce0d596b336e1,Not Rated
Parking,101,4c38df4de52ce0d596b336e1,Not Rated
Parking,84,4c38df4de52ce0d596b336e1,Not Rated
Gluten-free Restaurant,421,4c2cd86ed066bed06c3c5209,Not Rated
Miscellaneous Shop,378,4bf58dd8d48988d1ff941735,Not Rated
Miscellaneous Shop,287,4bf58dd8d48988d1ff941735,Not Rated
Miscellaneous Shop,241,4bf58dd8d48988d1ff941735,Not Rated
Miscellaneous Shop,150,4bf58dd8d48988d1ff941735,Not Rated
Miscellaneous Shop,143,4bf58dd8d48988d1ff941735,Not Rated
Miscellaneous Shop,51,4bf58dd8d48988d1ff941735,Not Rated
Miscellaneous Shop,48,4bf58dd8d48988d1ff941735,Not Rated
Miscellaneous Shop,30,4bf58dd8d48988d1ff941735,Not Rated
Miscellaneous Shop,22,4bf58dd8d48988d1ff941735,Not Rated
Music Store,13,4bf58dd8d48988d1fe941735,Not Rated
Bus Station,334,4bf58dd8d48988d1fe931735,Not Rated
Bus Station,281,4bf58dd8d48988d1fe931735,Not Rated
Bus Station,238,4bf58dd8d48988d1fe931735,Not Rated
Bus Station,166,4bf58dd8d48988d1fe931735,Not Rated
Bus Station,113,4bf58dd8d48988d1fe931735,Not Rated
Bus Station,100,4bf58dd8d48988d1fe931735,Not Rated
Bus Station,68,4bf58dd8d48988d1fe931735,Not Rated
Bus Station,67,4bf58dd8d48988d1fe931735,Not Rated
Bus Station,46,4bf58dd8d48988d1fe931735,Not Rated
Bus Station,37,4bf58dd8d48988d1fe931735,Not Rated
Bus Station,37,4bf58dd8d48988d1fe931735,Not Rated
Bus Station,34,4bf58dd8d48988d1fe931735,Not Rated
Bus Station,31,4bf58dd8d48988d1fe931735,Not Rated
Bus Station,22,4bf58dd8d48988d1fe931735,Not Rated
Bus Station,21,4bf58dd8d48988d1fe931735,Not Rated
Bus Station,12,4bf58dd8d48988d1fe931735,Not Rated
Bus Station,10,4bf58dd8d48988d1fe931735,Not Rated
Shopping Mall,387,4bf58dd8d48988d1fd941735,Not Rated
Shopping Mall,45,4bf58dd8d48988d1fd941735,Not Rated
Metro Station,349,4bf58dd8d48988d1fd931735,Not Rated
Metro Station,276,4bf58dd8d48988d1fd931735,Not Rated
Metro Station,213,4bf58dd8d48988d1fd931735,Not Rated
Metro Station,208,4bf58dd8d48988d1fd931735,Not Rated
Metro Station,193,4bf58dd8d48988d1fd931735,Not Rated
Metro Station,193,4bf58dd8d48988d1fd931735,Not Rated
Metro Station,189,4bf58dd8d48988d1fd931735,Not Rated
Metro Station,170,4bf58dd8d48988d1fd931735,Not Rated
Metro Station,115,4bf58dd8d48988d1fd931735,Not Rated
Metro Station,98,4bf58dd8d48988d1fd931735,Not Rated
Metro Station,77,4bf58dd8d48988d1fd931735,Not Rated
Metro Station,44,4bf58dd8d48988d1fd931735,Not Rated
Metro Station,33,4bf58dd8d48988d1fd931735,Not Rated
Laundry Service,960,4bf58dd8d48988d1fc941735,Not Rated
Laundry Service,865,4bf58dd8d48988d1fc941735,Not Rated
Laundry Service,273,4bf58dd8d48988d1fc941735,Not Rated
Laundry Service,245,4bf58dd8d48988d1fc941735,Not Rated
Laundry Service,48,4bf58dd8d48988d1fc941735,Not Rated
Laundry Service,47,4bf58dd8d48988d1fc941735,Not Rated
Laundry Service,27,4bf58dd8d48988d1fc941735,Not Rated
Laundry Service,20,4bf58dd8d48988d1fc941735,Not Rated
Laundry Service,16,4bf58dd8d48988d1fc941735,Not Rated
Laundry Service,14,4bf58dd8d48988d1fc941735,Not Rated
Light Rail Station,1143,4bf58dd8d48988d1fc931735,Not Rated
Light Rail Station,900,4bf58dd8d48988d1fc931735,Not Rated
Light Rail Station,461,4bf58dd8d48988d1fc931735,Not Rated
Light Rail Station,84,4bf58dd8d48988d1fc931735,Not Rated
Motel,265,4bf58dd8d48988d1fb931735,Not Rated
Motel,262,4bf58dd8d48988d1fb931735,Not Rated
Motel,190,4bf58dd8d48988d1fb931735,Not Rated
Farmers Market,179,4bf58dd8d48988d1fa941735,Not Rated
Hotel,858,4bf58dd8d48988d1fa931735,Not Rated
Hotel,839,4bf58dd8d48988d1fa931735,Not Rated
Hotel,568,4bf58dd8d48988d1fa931735,Not Rated
Hotel,84,4bf58dd8d48988d1fa931735,Not Rated
Hotel,76,4bf58dd8d48988d1fa931735,Not Rated
Hotel,58,4bf58dd8d48988d1fa931735,Not Rated
Hotel,51,4bf58dd8d48988d1fa931735,Not Rated
Hotel,22,4bf58dd8d48988d1fa931735,Not Rated
Food & Drink Shop,60,4bf58dd8d48988d1f9941735,Not Rated
Furniture / Home Store,1239,4bf58dd8d48988d1f8941735,Not Rated
Furniture / Home Store,1238,4bf58dd8d48988d1f8941735,Not Rated
Furniture / Home Store,68,4bf58dd8d48988d1f8941735,Not Rated
Furniture / Home Store,55,4bf58dd8d48988d1f8941735,Not Rated
Furniture / Home Store,21,4bf58dd8d48988d1f8941735,Not Rated
Flea Market,1302,4bf58dd8d48988d1f7941735,Not Rated
Flea Market,2,4bf58dd8d48988d1f7941735,Not Rated
Department Store,174,4bf58dd8d48988d1f6941735,Not Rated
Department Store,55,4bf58dd8d48988d1f6941735,Not Rated
Department Store,13,4bf58dd8d48988d1f6941735,Not Rated
General Travel,37,4bf58dd8d48988d1f6931735,Not Rated
General Travel,12,4bf58dd8d48988d1f6931735,Not Rated
General Travel,7,4bf58dd8d48988d1f6931735,Not Rated
General Travel,3,4bf58dd8d48988d1f6931735,Not Rated
General Travel,3,4bf58dd8d48988d1f6931735,Not Rated
Gourmet Shop,35,4bf58dd8d48988d1f5941735,Not Rated
Design Studio,5948,4bf58dd8d48988d1f4941735,Not Rated
Design Studio,291,4bf58dd8d48988d1f4941735,Not Rated
Design Studio,98,4bf58dd8d48988d1f4941735,Not Rated
Design Studio,80,4bf58dd8d48988d1f4941735,Not Rated
Design Studio,29,4bf58dd8d48988d1f4941735,Not Rated
Racetrack,1185,4bf58dd8d48988d1f4931735,Not Rated
Toy / Game Store,735,4bf58dd8d48988d1f3941735,Not Rated
Toy / Game Store,23,4bf58dd8d48988d1f3941735,Not Rated
Toy / Game Store,18,4bf58dd8d48988d1f3941735,Not Rated
Sporting Goods Shop,759,4bf58dd8d48988d1f2941735,Not Rated
Sporting Goods Shop,107,4bf58dd8d48988d1f2941735,Not Rated
Sporting Goods Shop,64,4bf58dd8d48988d1f2941735,Not Rated
Sporting Goods Shop,23,4bf58dd8d48988d1f2941735,Not Rated
Performing Arts Venue,204,4bf58dd8d48988d1f2931735,Not Rated
Performing Arts Venue,146,4bf58dd8d48988d1f2931735,Not Rated
Performing Arts Venue,56,4bf58dd8d48988d1f2931735,Not Rated
General Entertainment,1068,4bf58dd8d48988d1f1931735,Not Rated
General Entertainment,345,4bf58dd8d48988d1f1931735,Not Rated
General Entertainment,227,4bf58dd8d48988d1f1931735,Not Rated
General Entertainment,21,4bf58dd8d48988d1f1931735,Not Rated
General Entertainment,20,4bf58dd8d48988d1f1931735,Not Rated
General Entertainment,13,4bf58dd8d48988d1f1931735,Not Rated
General Entertainment,13,4bf58dd8d48988d1f1931735,Not Rated
General Entertainment,12,4bf58dd8d48988d1f1931735,Not Rated
Airport Gate,1195,4bf58dd8d48988d1f0931735,Not Rated
Rental Car Location,3,4bf58dd8d48988d1ef941735,Not Rated
Spa,459,4bf58dd8d48988d1ed941735,Not Rated
Spa,27,4bf58dd8d48988d1ed941735,Not Rated
Spa,26,4bf58dd8d48988d1ed941735,Not Rated
Airport,936,4bf58dd8d48988d1ed931735,Not Rated
Rock Club,22,4bf58dd8d48988d1e9931735,Not Rated
Baseball Field,539,4bf58dd8d48988d1e8941735,Not Rated
Playground,161,4bf58dd8d48988d1e7941735,Not Rated
Playground,145,4bf58dd8d48988d1e7941735,Not Rated
Golf Course,28,4bf58dd8d48988d1e6941735,Not Rated
Golf Course,8,4bf58dd8d48988d1e6941735,Not Rated
Dog Run,272,4bf58dd8d48988d1e5941735,Not Rated
Dog Run,51,4bf58dd8d48988d1e5941735,Not Rated
Dog Run,20,4bf58dd8d48988d1e5941735,Not Rated
Music Venue,132,4bf58dd8d48988d1e5931735,Not Rated
Music Venue,109,4bf58dd8d48988d1e5931735,Not Rated
Music Venue,103,4bf58dd8d48988d1e5931735,Not Rated
Music Venue,25,4bf58dd8d48988d1e5931735,Not Rated
Bowling Alley,78,4bf58dd8d48988d1e4931735,Not Rated
Bowling Alley,60,4bf58dd8d48988d1e4931735,Not Rated
Bowling Alley,46,4bf58dd8d48988d1e4931735,Not Rated
Surf Spot,123,4bf58dd8d48988d1e3941735,Not Rated
Surf Spot,59,4bf58dd8d48988d1e3941735,Not Rated
Surf Spot,8,4bf58dd8d48988d1e3941735,Not Rated
Beach,143,4bf58dd8d48988d1e2941735,Not Rated
Beach,114,4bf58dd8d48988d1e2941735,Not Rated
Beach,44,4bf58dd8d48988d1e2941735,Not Rated
Art Gallery,439,4bf58dd8d48988d1e2931735,Not Rated
Art Gallery,208,4bf58dd8d48988d1e2931735,Not Rated
Art Gallery,182,4bf58dd8d48988d1e2931735,Not Rated
Art Gallery,154,4bf58dd8d48988d1e2931735,Not Rated
Art Gallery,83,4bf58dd8d48988d1e2931735,Not Rated
Art Gallery,65,4bf58dd8d48988d1e2931735,Not Rated
Art Gallery,38,4bf58dd8d48988d1e2931735,Not Rated
Art Gallery,34,4bf58dd8d48988d1e2931735,Not Rated
Art Gallery,33,4bf58dd8d48988d1e2931735,Not Rated
Art Gallery,32,4bf58dd8d48988d1e2931735,Not Rated
Art Gallery,30,4bf58dd8d48988d1e2931735,Not Rated
Art Gallery,28,4bf58dd8d48988d1e2931735,Not Rated
Art Gallery,27,4bf58dd8d48988d1e2931735,Not Rated
Art Gallery,22,4bf58dd8d48988d1e2931735,Not Rated
Art Gallery,17,4bf58dd8d48988d1e2931735,Not Rated
Art Gallery,10,4bf58dd8d48988d1e2931735,Not Rated
Art Gallery,8,4bf58dd8d48988d1e2931735,Not Rated
Art Gallery,8,4bf58dd8d48988d1e2931735,Not Rated
Arcade,187,4bf58dd8d48988d1e1931735,Not Rated
Arcade,129,4bf58dd8d48988d1e1931735,Not Rated
Arcade,50,4bf58dd8d48988d1e1931735,Not Rated
Arcade,42,4bf58dd8d48988d1e1931735,Not Rated
Arcade,17,4bf58dd8d48988d1e1931735,Not Rated
Arcade,11,4bf58dd8d48988d1e1931735,Not Rated
Arcade,3,4bf58dd8d48988d1e1931735,Not Rated
Harbor / Marina,6,4bf58dd8d48988d1e0941735,Not Rated
Coffee Shop,322,4bf58dd8d48988d1e0931735,Not Rated
Coffee Shop,137,4bf58dd8d48988d1e0931735,Not Rated
Coffee Shop,131,4bf58dd8d48988d1e0931735,Not Rated
Coffee Shop,130,4bf58dd8d48988d1e0931735,Not Rated
Coffee Shop,102,4bf58dd8d48988d1e0931735,Not Rated
Coffee Shop,77,4bf58dd8d48988d1e0931735,Not Rated
Coffee Shop,64,4bf58dd8d48988d1e0931735,Not Rated
Coffee Shop,49,4bf58dd8d48988d1e0931735,Not Rated
Coffee Shop,49,4bf58dd8d48988d1e0931735,Not Rated
Coffee Shop,45,4bf58dd8d48988d1e0931735,Not Rated
Coffee Shop,35,4bf58dd8d48988d1e0931735,Not Rated
Coffee Shop,14,4bf58dd8d48988d1e0931735,Not Rated
Coffee Shop,3,4bf58dd8d48988d1e0931735,Not Rated
Bridge,670,4bf58dd8d48988d1df941735,Not Rated
Bridge,295,4bf58dd8d48988d1df941735,Not Rated
Bridge,219,4bf58dd8d48988d1df941735,Not Rated
Bridge,112,4bf58dd8d48988d1df941735,Not Rated
Bridge,10,4bf58dd8d48988d1df941735,Not Rated
BBQ Joint,47,4bf58dd8d48988d1df931735,Not Rated
BBQ Joint,13,4bf58dd8d48988d1df931735,Not Rated
Tattoo Parlor,298,4bf58dd8d48988d1de931735,Not Rated
Tattoo Parlor,91,4bf58dd8d48988d1de931735,Not Rated
Strip Club,482,4bf58dd8d48988d1d6941735,Not Rated
Hotel Bar,12,4bf58dd8d48988d1d5941735,Not Rated
Speakeasy,550,4bf58dd8d48988d1d4941735,Not Rated
Vegetarian / Vegan Restaurant,94,4bf58dd8d48988d1d3941735,Not Rated
Vegetarian / Vegan Restaurant,29,4bf58dd8d48988d1d3941735,Not Rated
Vegetarian / Vegan Restaurant,19,4bf58dd8d48988d1d3941735,Not Rated
Noodle House,19,4bf58dd8d48988d1d1941735,Not Rated
Dessert Shop,20,4bf58dd8d48988d1d0941735,Not Rated
Dessert Shop,11,4bf58dd8d48988d1d0941735,Not Rated
Dessert Shop,8,4bf58dd8d48988d1d0941735,Not Rated
Dessert Shop,5,4bf58dd8d48988d1d0941735,Not Rated
Dessert Shop,3,4bf58dd8d48988d1d0941735,Not Rated
Dessert Shop,2,4bf58dd8d48988d1d0941735,Not Rated
Seafood Restaurant,281,4bf58dd8d48988d1ce941735,Not Rated
Seafood Restaurant,120,4bf58dd8d48988d1ce941735,Not Rated
Seafood Restaurant,33,4bf58dd8d48988d1ce941735,Not Rated
Seafood Restaurant,11,4bf58dd8d48988d1ce941735,Not Rated
Seafood Restaurant,10,4bf58dd8d48988d1ce941735,Not Rated
Seafood Restaurant,9,4bf58dd8d48988d1ce941735,Not Rated
Steakhouse,26,4bf58dd8d48988d1cc941735,Not Rated
Steakhouse,10,4bf58dd8d48988d1cc941735,Not Rated
Food Truck,274,4bf58dd8d48988d1cb941735,Not Rated
Food Truck,148,4bf58dd8d48988d1cb941735,Not Rated
Food Truck,127,4bf58dd8d48988d1cb941735,Not Rated
Food Truck,127,4bf58dd8d48988d1cb941735,Not Rated
Food Truck,108,4bf58dd8d48988d1cb941735,Not Rated
Food Truck,35,4bf58dd8d48988d1cb941735,Not Rated
Pizza Place,459,4bf58dd8d48988d1ca941735,Not Rated
Pizza Place,317,4bf58dd8d48988d1ca941735,Not Rated
Pizza Place,288,4bf58dd8d48988d1ca941735,Not Rated
Pizza Place,237,4bf58dd8d48988d1ca941735,Not Rated
Pizza Place,205,4bf58dd8d48988d1ca941735,Not Rated
Pizza Place,196,4bf58dd8d48988d1ca941735,Not Rated
Pizza Place,182,4bf58dd8d48988d1ca941735,Not Rated
Pizza Place,152,4bf58dd8d48988d1ca941735,Not Rated
Pizza Place,106,4bf58dd8d48988d1ca941735,Not Rated
Pizza Place,103,4bf58dd8d48988d1ca941735,Not Rated
Pizza Place,96,4bf58dd8d48988d1ca941735,Not Rated
Pizza Place,67,4bf58dd8d48988d1ca941735,Not Rated
Pizza Place,61,4bf58dd8d48988d1ca941735,Not Rated
Pizza Place,57,4bf58dd8d48988d1ca941735,Not Rated
Pizza Place,54,4bf58dd8d48988d1ca941735,Not Rated
Pizza Place,51,4bf58dd8d48988d1ca941735,Not Rated
Pizza Place,31,4bf58dd8d48988d1ca941735,Not Rated
Pizza Place,30,4bf58dd8d48988d1ca941735,Not Rated
Pizza Place,13,4bf58dd8d48988d1ca941735,Not Rated
Ice Cream Shop,440,4bf58dd8d48988d1c9941735,Not Rated
Ice Cream Shop,137,4bf58dd8d48988d1c9941735,Not Rated
Ice Cream Shop,69,4bf58dd8d48988d1c9941735,Not Rated
Ice Cream Shop,48,4bf58dd8d48988d1c9941735,Not Rated
Ice Cream Shop,41,4bf58dd8d48988d1c9941735,Not Rated
Ice Cream Shop,20,4bf58dd8d48988d1c9941735,Not Rated
Ice Cream Shop,15,4bf58dd8d48988d1c9941735,Not Rated
Ice Cream Shop,5,4bf58dd8d48988d1c9941735,Not Rated
Snack Place,131,4bf58dd8d48988d1c7941735,Not Rated
Snack Place,26,4bf58dd8d48988d1c7941735,Not Rated
Snack Place,8,4bf58dd8d48988d1c7941735,Not Rated
Scandinavian Restaurant,115,4bf58dd8d48988d1c6941735,Not Rated
Sandwich Place,172,4bf58dd8d48988d1c5941735,Not Rated
Sandwich Place,49,4bf58dd8d48988d1c5941735,Not Rated
Restaurant,224,4bf58dd8d48988d1c4941735,Not Rated
Restaurant,157,4bf58dd8d48988d1c4941735,Not Rated
Restaurant,43,4bf58dd8d48988d1c4941735,Not Rated
Moroccan Restaurant,33,4bf58dd8d48988d1c3941735,Not Rated
Moroccan Restaurant,31,4bf58dd8d48988d1c3941735,Not Rated
Mexican Restaurant,453,4bf58dd8d48988d1c1941735,Not Rated
Mexican Restaurant,229,4bf58dd8d48988d1c1941735,Not Rated
Mexican Restaurant,133,4bf58dd8d48988d1c1941735,Not Rated
Mexican Restaurant,80,4bf58dd8d48988d1c1941735,Not Rated
Mexican Restaurant,28,4bf58dd8d48988d1c1941735,Not Rated
Mexican Restaurant,21,4bf58dd8d48988d1c1941735,Not Rated
Latin American Restaurant,179,4bf58dd8d48988d1be941735,Not Rated
Salad Place,40,4bf58dd8d48988d1bd941735,Not Rated
College Baseball Diamond,3,4bf58dd8d48988d1bb941735,Not Rated
Trade School,169,4bf58dd8d48988d1ad941735,Not Rated
Trade School,151,4bf58dd8d48988d1ad941735,Not Rated
Student Center,340,4bf58dd8d48988d1ab941735,Not Rated
General College & University,415,4bf58dd8d48988d1a8941735,Not Rated
General College & University,309,4bf58dd8d48988d1a8941735,Not Rated
General College & University,202,4bf58dd8d48988d1a8941735,Not Rated
General College & University,30,4bf58dd8d48988d1a8941735,Not Rated
General College & University,21,4bf58dd8d48988d1a8941735,Not Rated
College Library,21,4bf58dd8d48988d1a7941735,Not Rated
College Lab,61,4bf58dd8d48988d1a5941735,Not Rated
College Academic Building,146,4bf58dd8d48988d198941735,Not Rated
College Administrative Building,186,4bf58dd8d48988d197941735,Not Rated
College Administrative Building,34,4bf58dd8d48988d197941735,Not Rated
Hospital,7,4bf58dd8d48988d196941735,Not Rated
History Museum,118,4bf58dd8d48988d190941735,Not Rated
Basketball Stadium,189,4bf58dd8d48988d18b941735,Not Rated
Liquor Store,1255,4bf58dd8d48988d186941735,Not Rated
Liquor Store,960,4bf58dd8d48988d186941735,Not Rated
Liquor Store,256,4bf58dd8d48988d186941735,Not Rated
Liquor Store,255,4bf58dd8d48988d186941735,Not Rated
Liquor Store,222,4bf58dd8d48988d186941735,Not Rated
Liquor Store,181,4bf58dd8d48988d186941735,Not Rated
Liquor Store,175,4bf58dd8d48988d186941735,Not Rated
Liquor Store,95,4bf58dd8d48988d186941735,Not Rated
Liquor Store,49,4bf58dd8d48988d186941735,Not Rated
Theme Park,165,4bf58dd8d48988d182941735,Not Rated
Theme Park,163,4bf58dd8d48988d182941735,Not Rated
Theme Park,163,4bf58dd8d48988d182941735,Not Rated
Theme Park,102,4bf58dd8d48988d182941735,Not Rated
Theme Park,88,4bf58dd8d48988d182941735,Not Rated
Theme Park,87,4bf58dd8d48988d182941735,Not Rated
Theme Park,78,4bf58dd8d48988d182941735,Not Rated
Theme Park,75,4bf58dd8d48988d182941735,Not Rated
Theme Park,66,4bf58dd8d48988d182941735,Not Rated
Theme Park,60,4bf58dd8d48988d182941735,Not Rated
Theme Park,48,4bf58dd8d48988d182941735,Not Rated
Theme Park,41,4bf58dd8d48988d182941735,Not Rated
Theme Park,40,4bf58dd8d48988d182941735,Not Rated
Theme Park,39,4bf58dd8d48988d182941735,Not Rated
Theme Park,34,4bf58dd8d48988d182941735,Not Rated
Theme Park,30,4bf58dd8d48988d182941735,Not Rated
Theme Park,29,4bf58dd8d48988d182941735,Not Rated
Theme Park,27,4bf58dd8d48988d182941735,Not Rated
Theme Park,21,4bf58dd8d48988d182941735,Not Rated
Theme Park,15,4bf58dd8d48988d182941735,Not Rated
Theme Park,14,4bf58dd8d48988d182941735,Not Rated
Theme Park,9,4bf58dd8d48988d182941735,Not Rated
Museum,47,4bf58dd8d48988d181941735,Not Rated
Multiplex,7,4bf58dd8d48988d180941735,Not Rated
Casino,136,4bf58dd8d48988d17c941735,Not Rated
Bagel Shop,105,4bf58dd8d48988d179941735,Not Rated
Dentist's Office,78,4bf58dd8d48988d178941735,Not Rated
Dentist's Office,17,4bf58dd8d48988d178941735,Not Rated
Dentist's Office,4,4bf58dd8d48988d178941735,Not Rated
Doctor's Office,1297,4bf58dd8d48988d177941735,Not Rated
Doctor's Office,776,4bf58dd8d48988d177941735,Not Rated
Doctor's Office,461,4bf58dd8d48988d177941735,Not Rated
Doctor's Office,155,4bf58dd8d48988d177941735,Not Rated
Doctor's Office,58,4bf58dd8d48988d177941735,Not Rated
Doctor's Office,33,4bf58dd8d48988d177941735,Not Rated
Doctor's Office,31,4bf58dd8d48988d177941735,Not Rated
Doctor's Office,19,4bf58dd8d48988d177941735,Not Rated
Doctor's Office,18,4bf58dd8d48988d177941735,Not Rated
Doctor's Office,16,4bf58dd8d48988d177941735,Not Rated
Gym,792,4bf58dd8d48988d176941735,Not Rated
Gym,652,4bf58dd8d48988d176941735,Not Rated
Gym,616,4bf58dd8d48988d176941735,Not Rated
Gym,548,4bf58dd8d48988d176941735,Not Rated
Gym,98,4bf58dd8d48988d176941735,Not Rated
Gym,62,4bf58dd8d48988d176941735,Not Rated
Gym,40,4bf58dd8d48988d176941735,Not Rated
Gym / Fitness Center,227,4bf58dd8d48988d175941735,Not Rated
Gym / Fitness Center,138,4bf58dd8d48988d175941735,Not Rated
Gym / Fitness Center,75,4bf58dd8d48988d175941735,Not Rated
Gym / Fitness Center,74,4bf58dd8d48988d175941735,Not Rated
Gym / Fitness Center,23,4bf58dd8d48988d175941735,Not Rated
Coworking Space,1438,4bf58dd8d48988d174941735,Not Rated
Coworking Space,61,4bf58dd8d48988d174941735,Not Rated
Coworking Space,57,4bf58dd8d48988d174941735,Not Rated
Coworking Space,45,4bf58dd8d48988d174941735,Not Rated
Coworking Space,42,4bf58dd8d48988d174941735,Not Rated
Coworking Space,39,4bf58dd8d48988d174941735,Not Rated
Coworking Space,33,4bf58dd8d48988d174941735,Not Rated
Coworking Space,28,4bf58dd8d48988d174941735,Not Rated
Coworking Space,24,4bf58dd8d48988d174941735,Not Rated
Coworking Space,18,4bf58dd8d48988d174941735,Not Rated
Coworking Space,14,4bf58dd8d48988d174941735,Not Rated
Coworking Space,13,4bf58dd8d48988d174941735,Not Rated
Coworking Space,7,4bf58dd8d48988d174941735,Not Rated
Coworking Space,6,4bf58dd8d48988d174941735,Not Rated
Post Office,26,4bf58dd8d48988d172941735,Not Rated
Post Office,19,4bf58dd8d48988d172941735,Not Rated
Event Space,995,4bf58dd8d48988d171941735,Not Rated
Event Space,610,4bf58dd8d48988d171941735,Not Rated
Event Space,439,4bf58dd8d48988d171941735,Not Rated
Event Space,91,4bf58dd8d48988d171941735,Not Rated
Event Space,43,4bf58dd8d48988d171941735,Not Rated
Event Space,35,4bf58dd8d48988d171941735,Not Rated
Event Space,33,4bf58dd8d48988d171941735,Not Rated
Event Space,27,4bf58dd8d48988d171941735,Not Rated
Event Space,25,4bf58dd8d48988d171941735,Not Rated
Event Space,14,4bf58dd8d48988d171941735,Not Rated
Event Space,13,4bf58dd8d48988d171941735,Not Rated
Event Space,10,4bf58dd8d48988d171941735,Not Rated
Event Space,9,4bf58dd8d48988d171941735,Not Rated
Event Space,8,4bf58dd8d48988d171941735,Not Rated
Event Space,1,4bf58dd8d48988d171941735,Not Rated
Event Space,1,4bf58dd8d48988d171941735,Not Rated
Hot Dog Joint,512,4bf58dd8d48988d16f941735,Not Rated
Hot Dog Joint,250,4bf58dd8d48988d16f941735,Not Rated
Hot Dog Joint,57,4bf58dd8d48988d16f941735,Not Rated
Hot Dog Joint,15,4bf58dd8d48988d16f941735,Not Rated
Hot Dog Joint,4,4bf58dd8d48988d16f941735,Not Rated
Hot Dog Joint,4,4bf58dd8d48988d16f941735,Not Rated
Fast Food Restaurant,210,4bf58dd8d48988d16e941735,Not Rated
Fast Food Restaurant,3,4bf58dd8d48988d16e941735,Not Rated
Café,191,4bf58dd8d48988d16d941735,Not Rated
Café,161,4bf58dd8d48988d16d941735,Not Rated
Café,66,4bf58dd8d48988d16d941735,Not Rated
Burger Joint,73,4bf58dd8d48988d16c941735,Not Rated
Burger Joint,16,4bf58dd8d48988d16c941735,Not Rated
Bakery,258,4bf58dd8d48988d16a941735,Not Rated
Bakery,217,4bf58dd8d48988d16a941735,Not Rated
Bakery,216,4bf58dd8d48988d16a941735,Not Rated
Bakery,213,4bf58dd8d48988d16a941735,Not Rated
Bakery,69,4bf58dd8d48988d16a941735,Not Rated
Bakery,41,4bf58dd8d48988d16a941735,Not Rated
Bakery,29,4bf58dd8d48988d16a941735,Not Rated
Bakery,18,4bf58dd8d48988d16a941735,Not Rated
Skate Park,387,4bf58dd8d48988d167941735,Not Rated
Sculpture Garden,40,4bf58dd8d48988d166941735,Not Rated
Scenic Lookout,203,4bf58dd8d48988d165941735,Not Rated
Scenic Lookout,32,4bf58dd8d48988d165941735,Not Rated
Scenic Lookout,24,4bf58dd8d48988d165941735,Not Rated
Scenic Lookout,24,4bf58dd8d48988d165941735,Not Rated
Scenic Lookout,9,4bf58dd8d48988d165941735,Not Rated
Scenic Lookout,6,4bf58dd8d48988d165941735,Not Rated
Plaza,651,4bf58dd8d48988d164941735,Not Rated
Plaza,609,4bf58dd8d48988d164941735,Not Rated
Plaza,40,4bf58dd8d48988d164941735,Not Rated
Plaza,29,4bf58dd8d48988d164941735,Not Rated
Plaza,11,4bf58dd8d48988d164941735,Not Rated
Plaza,2,4bf58dd8d48988d164941735,Not Rated
Park,1124,4bf58dd8d48988d163941735,Not Rated
Park,863,4bf58dd8d48988d163941735,Not Rated
Park,735,4bf58dd8d48988d163941735,Not Rated
Park,644,4bf58dd8d48988d163941735,Not Rated
Park,599,4bf58dd8d48988d163941735,Not Rated
Park,506,4bf58dd8d48988d163941735,Not Rated
Park,235,4bf58dd8d48988d163941735,Not Rated
Park,231,4bf58dd8d48988d163941735,Not Rated
Park,213,4bf58dd8d48988d163941735,Not Rated
Park,201,4bf58dd8d48988d163941735,Not Rated
Park,198,4bf58dd8d48988d163941735,Not Rated
Park,164,4bf58dd8d48988d163941735,Not Rated
Park,153,4bf58dd8d48988d163941735,Not Rated
Park,137,4bf58dd8d48988d163941735,Not Rated
Park,132,4bf58dd8d48988d163941735,Not Rated
Park,127,4bf58dd8d48988d163941735,Not Rated
Park,38,4bf58dd8d48988d163941735,Not Rated
Park,15,4bf58dd8d48988d163941735,Not Rated
Other Great Outdoors,704,4bf58dd8d48988d162941735,Not Rated
Other Great Outdoors,552,4bf58dd8d48988d162941735,Not Rated
Other Great Outdoors,286,4bf58dd8d48988d162941735,Not Rated
Other Great Outdoors,190,4bf58dd8d48988d162941735,Not Rated
Other Great Outdoors,171,4bf58dd8d48988d162941735,Not Rated
Other Great Outdoors,133,4bf58dd8d48988d162941735,Not Rated
Other Great Outdoors,122,4bf58dd8d48988d162941735,Not Rated
Other Great Outdoors,110,4bf58dd8d48988d162941735,Not Rated
Other Great Outdoors,105,4bf58dd8d48988d162941735,Not Rated
Other Great Outdoors,50,4bf58dd8d48988d162941735,Not Rated
Other Great Outdoors,42,4bf58dd8d48988d162941735,Not Rated
Other Great Outdoors,24,4bf58dd8d48988d162941735,Not Rated
Other Great Outdoors,11,4bf58dd8d48988d162941735,Not Rated
Other Great Outdoors,8,4bf58dd8d48988d162941735,Not Rated
Lake,885,4bf58dd8d48988d161941735,Not Rated
Lake,792,4bf58dd8d48988d161941735,Not Rated
Lake,632,4bf58dd8d48988d161941735,Not Rated
Lake,255,4bf58dd8d48988d161941735,Not Rated
Field,745,4bf58dd8d48988d15f941735,Not Rated
Field,152,4bf58dd8d48988d15f941735,Not Rated
Pool,504,4bf58dd8d48988d15e941735,Not Rated
Pool,143,4bf58dd8d48988d15e941735,Not Rated
Pool,30,4bf58dd8d48988d15e941735,Not Rated
Cemetery,814,4bf58dd8d48988d15c941735,Not Rated
Farm,11,4bf58dd8d48988d15b941735,Not Rated
Garden,220,4bf58dd8d48988d15a941735,Not Rated
Garden,175,4bf58dd8d48988d15a941735,Not Rated
Garden,82,4bf58dd8d48988d15a941735,Not Rated
Garden,9,4bf58dd8d48988d15a941735,Not Rated
Trail,115,4bf58dd8d48988d159941735,Not Rated
Trail,65,4bf58dd8d48988d159941735,Not Rated
Trail,56,4bf58dd8d48988d159941735,Not Rated
Trail,32,4bf58dd8d48988d159941735,Not Rated
Malay Restaurant,14,4bf58dd8d48988d156941735,Not Rated
Gastropub,91,4bf58dd8d48988d155941735,Not Rated
Gastropub,23,4bf58dd8d48988d155941735,Not Rated
Arepa Restaurant,4,4bf58dd8d48988d152941735,Not Rated
Taco Place,329,4bf58dd8d48988d151941735,Not Rated
Taco Place,147,4bf58dd8d48988d151941735,Not Rated
Taco Place,59,4bf58dd8d48988d151941735,Not Rated
Taco Place,24,4bf58dd8d48988d151941735,Not Rated
Southern / Soul Food Restaurant,33,4bf58dd8d48988d14f941735,Not Rated
Southern / Soul Food Restaurant,19,4bf58dd8d48988d14f941735,Not Rated
American Restaurant,247,4bf58dd8d48988d14e941735,Not Rated
American Restaurant,153,4bf58dd8d48988d14e941735,Not Rated
American Restaurant,116,4bf58dd8d48988d14e941735,Not Rated
American Restaurant,28,4bf58dd8d48988d14e941735,Not Rated
American Restaurant,27,4bf58dd8d48988d14e941735,Not Rated
American Restaurant,21,4bf58dd8d48988d14e941735,Not Rated
Wings Joint,185,4bf58dd8d48988d14c941735,Not Rated
Wings Joint,3,4bf58dd8d48988d14c941735,Not Rated
Vietnamese Restaurant,280,4bf58dd8d48988d14a941735,Not Rated
Vietnamese Restaurant,230,4bf58dd8d48988d14a941735,Not Rated
Vietnamese Restaurant,206,4bf58dd8d48988d14a941735,Not Rated
Vietnamese Restaurant,95,4bf58dd8d48988d14a941735,Not Rated
Vietnamese Restaurant,47,4bf58dd8d48988d14a941735,Not Rated
Donut Shop,1276,4bf58dd8d48988d148941735,Not Rated
Donut Shop,615,4bf58dd8d48988d148941735,Not Rated
Donut Shop,405,4bf58dd8d48988d148941735,Not Rated
Donut Shop,178,4bf58dd8d48988d148941735,Not Rated
Donut Shop,54,4bf58dd8d48988d148941735,Not Rated
Donut Shop,47,4bf58dd8d48988d148941735,Not Rated
Donut Shop,31,4bf58dd8d48988d148941735,Not Rated
Deli / Bodega,620,4bf58dd8d48988d146941735,Not Rated
Deli / Bodega,287,4bf58dd8d48988d146941735,Not Rated
Deli / Bodega,231,4bf58dd8d48988d146941735,Not Rated
Deli / Bodega,152,4bf58dd8d48988d146941735,Not Rated
Deli / Bodega,123,4bf58dd8d48988d146941735,Not Rated
Deli / Bodega,97,4bf58dd8d48988d146941735,Not Rated
Deli / Bodega,66,4bf58dd8d48988d146941735,Not Rated
Deli / Bodega,66,4bf58dd8d48988d146941735,Not Rated
Deli / Bodega,36,4bf58dd8d48988d146941735,Not Rated
Deli / Bodega,33,4bf58dd8d48988d146941735,Not Rated
Deli / Bodega,23,4bf58dd8d48988d146941735,Not Rated
Deli / Bodega,15,4bf58dd8d48988d146941735,Not Rated
Chinese Restaurant,531,4bf58dd8d48988d145941735,Not Rated
Chinese Restaurant,245,4bf58dd8d48988d145941735,Not Rated
Chinese Restaurant,242,4bf58dd8d48988d145941735,Not Rated
Chinese Restaurant,240,4bf58dd8d48988d145941735,Not Rated
Chinese Restaurant,198,4bf58dd8d48988d145941735,Not Rated
Chinese Restaurant,138,4bf58dd8d48988d145941735,Not Rated
Chinese Restaurant,117,4bf58dd8d48988d145941735,Not Rated
Chinese Restaurant,110,4bf58dd8d48988d145941735,Not Rated
Chinese Restaurant,102,4bf58dd8d48988d145941735,Not Rated
Chinese Restaurant,86,4bf58dd8d48988d145941735,Not Rated
Chinese Restaurant,56,4bf58dd8d48988d145941735,Not Rated
Chinese Restaurant,47,4bf58dd8d48988d145941735,Not Rated
Chinese Restaurant,37,4bf58dd8d48988d145941735,Not Rated
Chinese Restaurant,31,4bf58dd8d48988d145941735,Not Rated
Chinese Restaurant,25,4bf58dd8d48988d145941735,Not Rated
Chinese Restaurant,18,4bf58dd8d48988d145941735,Not Rated
Caribbean Restaurant,124,4bf58dd8d48988d144941735,Not Rated
Caribbean Restaurant,100,4bf58dd8d48988d144941735,Not Rated
Caribbean Restaurant,25,4bf58dd8d48988d144941735,Not Rated
Caribbean Restaurant,23,4bf58dd8d48988d144941735,Not Rated
Caribbean Restaurant,23,4bf58dd8d48988d144941735,Not Rated
Caribbean Restaurant,15,4bf58dd8d48988d144941735,Not Rated
Breakfast Spot,143,4bf58dd8d48988d143941735,Not Rated
Sorority House,41,4bf58dd8d48988d141941735,Not Rated
High School,359,4bf58dd8d48988d13d941735,Not Rated
High School,196,4bf58dd8d48988d13d941735,Not Rated
High School,66,4bf58dd8d48988d13d941735,Not Rated
High School,63,4bf58dd8d48988d13d941735,Not Rated
High School,12,4bf58dd8d48988d13d941735,Not Rated
School,118,4bf58dd8d48988d13b941735,Not Rated
School,20,4bf58dd8d48988d13b941735,Not Rated
Church,1068,4bf58dd8d48988d132941735,Not Rated
Church,805,4bf58dd8d48988d132941735,Not Rated
Church,625,4bf58dd8d48988d132941735,Not Rated
Church,425,4bf58dd8d48988d132941735,Not Rated
Church,172,4bf58dd8d48988d132941735,Not Rated
Church,163,4bf58dd8d48988d132941735,Not Rated
Church,131,4bf58dd8d48988d132941735,Not Rated
Church,122,4bf58dd8d48988d132941735,Not Rated
Church,83,4bf58dd8d48988d132941735,Not Rated
Church,49,4bf58dd8d48988d132941735,Not Rated
Church,37,4bf58dd8d48988d132941735,Not Rated
Church,23,4bf58dd8d48988d132941735,Not Rated
Church,1,4bf58dd8d48988d132941735,Not Rated
Spiritual Center,283,4bf58dd8d48988d131941735,Not Rated
Spiritual Center,30,4bf58dd8d48988d131941735,Not Rated
Building,4285,4bf58dd8d48988d130941735,Not Rated
Building,1413,4bf58dd8d48988d130941735,Not Rated
Building,1244,4bf58dd8d48988d130941735,Not Rated
Building,996,4bf58dd8d48988d130941735,Not Rated
Building,656,4bf58dd8d48988d130941735,Not Rated
Building,507,4bf58dd8d48988d130941735,Not Rated
Building,496,4bf58dd8d48988d130941735,Not Rated
Building,177,4bf58dd8d48988d130941735,Not Rated
Building,158,4bf58dd8d48988d130941735,Not Rated
Building,142,4bf58dd8d48988d130941735,Not Rated
Building,138,4bf58dd8d48988d130941735,Not Rated
Building,136,4bf58dd8d48988d130941735,Not Rated
Building,90,4bf58dd8d48988d130941735,Not Rated
Building,88,4bf58dd8d48988d130941735,Not Rated
Building,81,4bf58dd8d48988d130941735,Not Rated
Building,76,4bf58dd8d48988d130941735,Not Rated
Building,71,4bf58dd8d48988d130941735,Not Rated
Building,40,4bf58dd8d48988d130941735,Not Rated
Building,36,4bf58dd8d48988d130941735,Not Rated
Building,34,4bf58dd8d48988d130941735,Not Rated
Building,30,4bf58dd8d48988d130941735,Not Rated
Building,30,4bf58dd8d48988d130941735,Not Rated
Building,29,4bf58dd8d48988d130941735,Not Rated
Building,28,4bf58dd8d48988d130941735,Not Rated
Building,27,4bf58dd8d48988d130941735,Not Rated
Building,27,4bf58dd8d48988d130941735,Not Rated
Building,26,4bf58dd8d48988d130941735,Not Rated
Building,22,4bf58dd8d48988d130941735,Not Rated
Building,22,4bf58dd8d48988d130941735,Not Rated
Building,15,4bf58dd8d48988d130941735,Not Rated
Building,12,4bf58dd8d48988d130941735,Not Rated
Resort,171,4bf58dd8d48988d12f951735,Not Rated
Library,595,4bf58dd8d48988d12f941735,Not Rated
Library,1,4bf58dd8d48988d12f941735,Not Rated
Boat or Ferry,52,4bf58dd8d48988d12d951735,Not Rated
Monument / Landmark,481,4bf58dd8d48988d12d941735,Not Rated
Monument / Landmark,112,4bf58dd8d48988d12d941735,Not Rated
Fire Station,566,4bf58dd8d48988d12c941735,Not Rated
Fire Station,267,4bf58dd8d48988d12c941735,Not Rated
Fire Station,220,4bf58dd8d48988d12c941735,Not Rated
Bus Line,965,4bf58dd8d48988d12b951735,Not Rated
Bus Line,562,4bf58dd8d48988d12b951735,Not Rated
Bus Line,457,4bf58dd8d48988d12b951735,Not Rated
Bus Line,196,4bf58dd8d48988d12b951735,Not Rated
Bus Line,154,4bf58dd8d48988d12b951735,Not Rated
Bus Line,51,4bf58dd8d48988d12b951735,Not Rated
Bus Line,32,4bf58dd8d48988d12b951735,Not Rated
Bus Line,26,4bf58dd8d48988d12b951735,Not Rated
Bus Line,6,4bf58dd8d48988d12b951735,Not Rated
Bus Line,5,4bf58dd8d48988d12b951735,Not Rated
Courthouse,123,4bf58dd8d48988d12b941735,Not Rated
Courthouse,68,4bf58dd8d48988d12b941735,Not Rated
Train Station,358,4bf58dd8d48988d129951735,Not Rated
Train Station,292,4bf58dd8d48988d129951735,Not Rated
Train Station,107,4bf58dd8d48988d129951735,Not Rated
Gift Shop,1261,4bf58dd8d48988d128951735,Not Rated
Gift Shop,1230,4bf58dd8d48988d128951735,Not Rated
Gift Shop,125,4bf58dd8d48988d128951735,Not Rated
Gift Shop,107,4bf58dd8d48988d128951735,Not Rated
Gift Shop,98,4bf58dd8d48988d128951735,Not Rated
Gift Shop,77,4bf58dd8d48988d128951735,Not Rated
Gift Shop,49,4bf58dd8d48988d128951735,Not Rated
Gift Shop,22,4bf58dd8d48988d128951735,Not Rated
Gift Shop,17,4bf58dd8d48988d128951735,Not Rated
Arts & Crafts Store,114,4bf58dd8d48988d127951735,Not Rated
Arts & Crafts Store,22,4bf58dd8d48988d127951735,Not Rated
Conference Room,33,4bf58dd8d48988d127941735,Not Rated
Conference Room,32,4bf58dd8d48988d127941735,Not Rated
Conference Room,24,4bf58dd8d48988d127941735,Not Rated
Conference Room,8,4bf58dd8d48988d127941735,Not Rated
Video Store,590,4bf58dd8d48988d126951735,Not Rated
Video Store,6,4bf58dd8d48988d126951735,Not Rated
Government Building,1084,4bf58dd8d48988d126941735,Not Rated
Government Building,287,4bf58dd8d48988d126941735,Not Rated
Government Building,59,4bf58dd8d48988d126941735,Not Rated
Tech Startup,398,4bf58dd8d48988d125941735,Not Rated
Tech Startup,44,4bf58dd8d48988d125941735,Not Rated
Tech Startup,42,4bf58dd8d48988d125941735,Not Rated
Tech Startup,42,4bf58dd8d48988d125941735,Not Rated
Tech Startup,38,4bf58dd8d48988d125941735,Not Rated
Tech Startup,36,4bf58dd8d48988d125941735,Not Rated
Tech Startup,30,4bf58dd8d48988d125941735,Not Rated
Tech Startup,27,4bf58dd8d48988d125941735,Not Rated
Tech Startup,26,4bf58dd8d48988d125941735,Not Rated
Tech Startup,23,4bf58dd8d48988d125941735,Not Rated
Tech Startup,23,4bf58dd8d48988d125941735,Not Rated
Tech Startup,23,4bf58dd8d48988d125941735,Not Rated
Tech Startup,13,4bf58dd8d48988d125941735,Not Rated
Tech Startup,12,4bf58dd8d48988d125941735,Not Rated
Tech Startup,12,4bf58dd8d48988d125941735,Not Rated
Tech Startup,10,4bf58dd8d48988d125941735,Not Rated
Tech Startup,10,4bf58dd8d48988d125941735,Not Rated
Tech Startup,8,4bf58dd8d48988d125941735,Not Rated
Automotive Shop,502,4bf58dd8d48988d124951735,Not Rated
Automotive Shop,111,4bf58dd8d48988d124951735,Not Rated
Office,2787,4bf58dd8d48988d124941735,Not Rated
Office,1157,4bf58dd8d48988d124941735,Not Rated
Office,1139,4bf58dd8d48988d124941735,Not Rated
Office,814,4bf58dd8d48988d124941735,Not Rated
Office,740,4bf58dd8d48988d124941735,Not Rated
Office,734,4bf58dd8d48988d124941735,Not Rated
Office,535,4bf58dd8d48988d124941735,Not Rated
Office,469,4bf58dd8d48988d124941735,Not Rated
Office,424,4bf58dd8d48988d124941735,Not Rated
Office,350,4bf58dd8d48988d124941735,Not Rated
Office,333,4bf58dd8d48988d124941735,Not Rated
Office,288,4bf58dd8d48988d124941735,Not Rated
Office,246,4bf58dd8d48988d124941735,Not Rated
Office,235,4bf58dd8d48988d124941735,Not Rated
Office,169,4bf58dd8d48988d124941735,Not Rated
Office,146,4bf58dd8d48988d124941735,Not Rated
Office,137,4bf58dd8d48988d124941735,Not Rated
Office,128,4bf58dd8d48988d124941735,Not Rated
Office,111,4bf58dd8d48988d124941735,Not Rated
Office,81,4bf58dd8d48988d124941735,Not Rated
Office,72,4bf58dd8d48988d124941735,Not Rated
Office,70,4bf58dd8d48988d124941735,Not Rated
Office,70,4bf58dd8d48988d124941735,Not Rated
Office,67,4bf58dd8d48988d124941735,Not Rated
Office,62,4bf58dd8d48988d124941735,Not Rated
Office,51,4bf58dd8d48988d124941735,Not Rated
Office,42,4bf58dd8d48988d124941735,Not Rated
Office,41,4bf58dd8d48988d124941735,Not Rated
Office,40,4bf58dd8d48988d124941735,Not Rated
Office,39,4bf58dd8d48988d124941735,Not Rated
Office,38,4bf58dd8d48988d124941735,Not Rated
Office,36,4bf58dd8d48988d124941735,Not Rated
Office,36,4bf58dd8d48988d124941735,Not Rated
Office,36,4bf58dd8d48988d124941735,Not Rated
Office,33,4bf58dd8d48988d124941735,Not Rated
Office,32,4bf58dd8d48988d124941735,Not Rated
Office,31,4bf58dd8d48988d124941735,Not Rated
Office,31,4bf58dd8d48988d124941735,Not Rated
Office,27,4bf58dd8d48988d124941735,Not Rated
Office,27,4bf58dd8d48988d124941735,Not Rated
Office,26,4bf58dd8d48988d124941735,Not Rated
Office,24,4bf58dd8d48988d124941735,Not Rated
Office,24,4bf58dd8d48988d124941735,Not Rated
Office,23,4bf58dd8d48988d124941735,Not Rated
Office,20,4bf58dd8d48988d124941735,Not Rated
Office,20,4bf58dd8d48988d124941735,Not Rated
Office,19,4bf58dd8d48988d124941735,Not Rated
Office,18,4bf58dd8d48988d124941735,Not Rated
Office,18,4bf58dd8d48988d124941735,Not Rated
Office,18,4bf58dd8d48988d124941735,Not Rated
Office,16,4bf58dd8d48988d124941735,Not Rated
Office,15,4bf58dd8d48988d124941735,Not Rated
Office,15,4bf58dd8d48988d124941735,Not Rated
Office,14,4bf58dd8d48988d124941735,Not Rated
Office,14,4bf58dd8d48988d124941735,Not Rated
Office,13,4bf58dd8d48988d124941735,Not Rated
Office,12,4bf58dd8d48988d124941735,Not Rated
Office,11,4bf58dd8d48988d124941735,Not Rated
Office,10,4bf58dd8d48988d124941735,Not Rated
Office,10,4bf58dd8d48988d124941735,Not Rated
Office,9,4bf58dd8d48988d124941735,Not Rated
Office,9,4bf58dd8d48988d124941735,Not Rated
Office,9,4bf58dd8d48988d124941735,Not Rated
Office,8,4bf58dd8d48988d124941735,Not Rated
Office,8,4bf58dd8d48988d124941735,Not Rated
Office,7,4bf58dd8d48988d124941735,Not Rated
Office,7,4bf58dd8d48988d124941735,Not Rated
Office,7,4bf58dd8d48988d124941735,Not Rated
Office,6,4bf58dd8d48988d124941735,Not Rated
Office,6,4bf58dd8d48988d124941735,Not Rated
Office,4,4bf58dd8d48988d124941735,Not Rated
Office,3,4bf58dd8d48988d124941735,Not Rated
Smoke Shop,23,4bf58dd8d48988d123951735,Not Rated
Smoke Shop,13,4bf58dd8d48988d123951735,Not Rated
Wine Bar,904,4bf58dd8d48988d123941735,Not Rated
Wine Bar,145,4bf58dd8d48988d123941735,Not Rated
Wine Bar,83,4bf58dd8d48988d123941735,Not Rated
Electronics Store,197,4bf58dd8d48988d122951735,Not Rated
Electronics Store,135,4bf58dd8d48988d122951735,Not Rated
Electronics Store,63,4bf58dd8d48988d122951735,Not Rated
Electronics Store,16,4bf58dd8d48988d122951735,Not Rated
Electronics Store,9,4bf58dd8d48988d122951735,Not Rated
Paper / Office Supplies Store,285,4bf58dd8d48988d121951735,Not Rated
Lounge,4937,4bf58dd8d48988d121941735,Not Rated
Lounge,18,4bf58dd8d48988d121941735,Not Rated
Lounge,17,4bf58dd8d48988d121941735,Not Rated
Lounge,1,4bf58dd8d48988d121941735,Not Rated
Food Court,12,4bf58dd8d48988d120951735,Not Rated
Food Court,9,4bf58dd8d48988d120951735,Not Rated
Nightclub,1424,4bf58dd8d48988d11f941735,Not Rated
Nightclub,229,4bf58dd8d48988d11f941735,Not Rated
Nightclub,36,4bf58dd8d48988d11f941735,Not Rated
Cocktail Bar,82,4bf58dd8d48988d11e941735,Not Rated
Cocktail Bar,42,4bf58dd8d48988d11e941735,Not Rated
Cocktail Bar,34,4bf58dd8d48988d11e941735,Not Rated
Butcher,819,4bf58dd8d48988d11d951735,Not Rated
Sports Bar,1477,4bf58dd8d48988d11d941735,Not Rated
Sports Bar,107,4bf58dd8d48988d11d941735,Not Rated
Sports Bar,53,4bf58dd8d48988d11d941735,Not Rated
Flower Shop,1194,4bf58dd8d48988d11b951735,Not Rated
Flower Shop,10,4bf58dd8d48988d11b951735,Not Rated
Bridal Shop,3,4bf58dd8d48988d11a951735,Not Rated
Other Nightlife,26,4bf58dd8d48988d11a941735,Not Rated
Grocery Store,263,4bf58dd8d48988d118951735,Not Rated
Grocery Store,129,4bf58dd8d48988d118951735,Not Rated
Grocery Store,105,4bf58dd8d48988d118951735,Not Rated
Grocery Store,104,4bf58dd8d48988d118951735,Not Rated
Grocery Store,68,4bf58dd8d48988d118951735,Not Rated
Dive Bar,236,4bf58dd8d48988d118941735,Not Rated
Dive Bar,13,4bf58dd8d48988d118941735,Not Rated
Candy Store,74,4bf58dd8d48988d117951735,Not Rated
Antique Shop,6376,4bf58dd8d48988d116951735,Not Rated
Antique Shop,214,4bf58dd8d48988d116951735,Not Rated
Antique Shop,24,4bf58dd8d48988d116951735,Not Rated
Bar,473,4bf58dd8d48988d116941735,Not Rated
Bar,464,4bf58dd8d48988d116941735,Not Rated
Bar,176,4bf58dd8d48988d116941735,Not Rated
Bar,141,4bf58dd8d48988d116941735,Not Rated
Bar,121,4bf58dd8d48988d116941735,Not Rated
Bar,115,4bf58dd8d48988d116941735,Not Rated
Bar,52,4bf58dd8d48988d116941735,Not Rated
Bar,47,4bf58dd8d48988d116941735,Not Rated
Bar,46,4bf58dd8d48988d116941735,Not Rated
Bar,44,4bf58dd8d48988d116941735,Not Rated
Bar,14,4bf58dd8d48988d116941735,Not Rated
Bar,9,4bf58dd8d48988d116941735,Not Rated
Bike Shop,70,4bf58dd8d48988d115951735,Not Rated
Bike Shop,15,4bf58dd8d48988d115951735,Not Rated
Bookstore,115,4bf58dd8d48988d114951735,Not Rated
Bookstore,17,4bf58dd8d48988d114951735,Not Rated
Bookstore,14,4bf58dd8d48988d114951735,Not Rated
Bookstore,13,4bf58dd8d48988d114951735,Not Rated
Bookstore,13,4bf58dd8d48988d114951735,Not Rated
Bookstore,13,4bf58dd8d48988d114951735,Not Rated
Gas Station,704,4bf58dd8d48988d113951735,Not Rated
Gas Station,613,4bf58dd8d48988d113951735,Not Rated
Gas Station,594,4bf58dd8d48988d113951735,Not Rated
Gas Station,325,4bf58dd8d48988d113951735,Not Rated
Gas Station,200,4bf58dd8d48988d113951735,Not Rated
Gas Station,167,4bf58dd8d48988d113951735,Not Rated
Gas Station,106,4bf58dd8d48988d113951735,Not Rated
Korean Restaurant,1254,4bf58dd8d48988d113941735,Not Rated
Hardware Store,297,4bf58dd8d48988d112951735,Not Rated
Hardware Store,207,4bf58dd8d48988d112951735,Not Rated
Hardware Store,56,4bf58dd8d48988d112951735,Not Rated
Hardware Store,44,4bf58dd8d48988d112951735,Not Rated
Hardware Store,7,4bf58dd8d48988d112951735,Not Rated
Juice Bar,825,4bf58dd8d48988d112941735,Not Rated
Juice Bar,169,4bf58dd8d48988d112941735,Not Rated
Juice Bar,118,4bf58dd8d48988d112941735,Not Rated
Juice Bar,7,4bf58dd8d48988d112941735,Not Rated
Jewelry Store,26,4bf58dd8d48988d111951735,Not Rated
Japanese Restaurant,100,4bf58dd8d48988d111941735,Not Rated
Salon / Barbershop,686,4bf58dd8d48988d110951735,Not Rated
Salon / Barbershop,459,4bf58dd8d48988d110951735,Not Rated
Salon / Barbershop,304,4bf58dd8d48988d110951735,Not Rated
Salon / Barbershop,265,4bf58dd8d48988d110951735,Not Rated
Salon / Barbershop,201,4bf58dd8d48988d110951735,Not Rated
Salon / Barbershop,167,4bf58dd8d48988d110951735,Not Rated
Salon / Barbershop,160,4bf58dd8d48988d110951735,Not Rated
Salon / Barbershop,153,4bf58dd8d48988d110951735,Not Rated
Salon / Barbershop,128,4bf58dd8d48988d110951735,Not Rated
Salon / Barbershop,91,4bf58dd8d48988d110951735,Not Rated
Salon / Barbershop,80,4bf58dd8d48988d110951735,Not Rated
Salon / Barbershop,79,4bf58dd8d48988d110951735,Not Rated
Salon / Barbershop,79,4bf58dd8d48988d110951735,Not Rated
Salon / Barbershop,71,4bf58dd8d48988d110951735,Not Rated
Salon / Barbershop,62,4bf58dd8d48988d110951735,Not Rated
Salon / Barbershop,58,4bf58dd8d48988d110951735,Not Rated
Salon / Barbershop,43,4bf58dd8d48988d110951735,Not Rated
Salon / Barbershop,42,4bf58dd8d48988d110951735,Not Rated
Salon / Barbershop,35,4bf58dd8d48988d110951735,Not Rated
Salon / Barbershop,34,4bf58dd8d48988d110951735,Not Rated
Salon / Barbershop,29,4bf58dd8d48988d110951735,Not Rated
Salon / Barbershop,28,4bf58dd8d48988d110951735,Not Rated
Salon / Barbershop,25,4bf58dd8d48988d110951735,Not Rated
Salon / Barbershop,17,4bf58dd8d48988d110951735,Not Rated
Salon / Barbershop,14,4bf58dd8d48988d110951735,Not Rated
Italian Restaurant,427,4bf58dd8d48988d110941735,Not Rated
Pharmacy,169,4bf58dd8d48988d10f951735,Not Rated
Pharmacy,78,4bf58dd8d48988d10f951735,Not Rated
Pharmacy,26,4bf58dd8d48988d10f951735,Not Rated
Pharmacy,9,4bf58dd8d48988d10f951735,Not Rated
Indian Restaurant,492,4bf58dd8d48988d10f941735,Not Rated
Indian Restaurant,47,4bf58dd8d48988d10f941735,Not Rated
Record Shop,9,4bf58dd8d48988d10d951735,Not Rated
Record Shop,7,4bf58dd8d48988d10d951735,Not Rated
Cosmetics Shop,276,4bf58dd8d48988d10c951735,Not Rated
Cosmetics Shop,58,4bf58dd8d48988d10c951735,Not Rated
Cosmetics Shop,28,4bf58dd8d48988d10c951735,Not Rated
Cosmetics Shop,20,4bf58dd8d48988d10c951735,Not Rated
Cosmetics Shop,6,4bf58dd8d48988d10c951735,Not Rated
Cosmetics Shop,4,4bf58dd8d48988d10c951735,Not Rated
Video Game Store,97,4bf58dd8d48988d10b951735,Not Rated
Falafel Restaurant,240,4bf58dd8d48988d10b941735,Not Rated
Falafel Restaurant,217,4bf58dd8d48988d10b941735,Not Rated
Falafel Restaurant,196,4bf58dd8d48988d10b941735,Not Rated
Falafel Restaurant,16,4bf58dd8d48988d10b941735,Not Rated
Bank,221,4bf58dd8d48988d10a951735,Not Rated
Bank,195,4bf58dd8d48988d10a951735,Not Rated
Bank,37,4bf58dd8d48988d10a951735,Not Rated
Bank,14,4bf58dd8d48988d10a951735,Not Rated
Lingerie Store,12,4bf58dd8d48988d109951735,Not Rated
Lingerie Store,8,4bf58dd8d48988d109951735,Not Rated
Eastern European Restaurant,8,4bf58dd8d48988d109941735,Not Rated
Women's Store,37,4bf58dd8d48988d108951735,Not Rated
Women's Store,10,4bf58dd8d48988d108951735,Not Rated
Shoe Store,90,4bf58dd8d48988d107951735,Not Rated
Shoe Store,12,4bf58dd8d48988d107951735,Not Rated
Shoe Store,7,4bf58dd8d48988d107951735,Not Rated
Men's Store,27,4bf58dd8d48988d106951735,Not Rated
Men's Store,6,4bf58dd8d48988d106951735,Not Rated
Men's Store,5,4bf58dd8d48988d106951735,Not Rated
Kids Store,70,4bf58dd8d48988d105951735,Not Rated
Gym Pool,11,4bf58dd8d48988d105941735,Not Rated
Boutique,64,4bf58dd8d48988d104951735,Not Rated
Boutique,51,4bf58dd8d48988d104951735,Not Rated
Boutique,43,4bf58dd8d48988d104951735,Not Rated
Boutique,26,4bf58dd8d48988d104951735,Not Rated
Boutique,15,4bf58dd8d48988d104951735,Not Rated
Boutique,13,4bf58dd8d48988d104951735,Not Rated
Medical Center,1404,4bf58dd8d48988d104941735,Not Rated
Medical Center,317,4bf58dd8d48988d104941735,Not Rated
Medical Center,23,4bf58dd8d48988d104941735,Not Rated
Medical Center,21,4bf58dd8d48988d104941735,Not Rated
Clothing Store,853,4bf58dd8d48988d103951735,Not Rated
Clothing Store,91,4bf58dd8d48988d103951735,Not Rated
Clothing Store,63,4bf58dd8d48988d103951735,Not Rated
Clothing Store,29,4bf58dd8d48988d103951735,Not Rated
Clothing Store,20,4bf58dd8d48988d103951735,Not Rated
Clothing Store,17,4bf58dd8d48988d103951735,Not Rated
Clothing Store,15,4bf58dd8d48988d103951735,Not Rated
Clothing Store,8,4bf58dd8d48988d103951735,Not Rated
Accessories Store,27,4bf58dd8d48988d102951735,Not Rated
Yoga Studio,169,4bf58dd8d48988d102941735,Not Rated
Yoga Studio,74,4bf58dd8d48988d102941735,Not Rated
Yoga Studio,26,4bf58dd8d48988d102941735,Not Rated
Yoga Studio,18,4bf58dd8d48988d102941735,Not Rated
Yoga Studio,10,4bf58dd8d48988d102941735,Not Rated
Thrift / Vintage Store,176,4bf58dd8d48988d101951735,Not Rated
Thrift / Vintage Store,8,4bf58dd8d48988d101951735,Not Rated
Martial Arts School,220,4bf58dd8d48988d101941735,Not Rated
Martial Arts School,144,4bf58dd8d48988d101941735,Not Rated
Martial Arts School,34,4bf58dd8d48988d101941735,Not Rated
Park,454,4bf58dd8d48988d163941735,9.5
Trail,156,4bf58dd8d48988d159941735,9.5
Park,270,4bf58dd8d48988d163941735,9.4
Art Museum,89,4bf58dd8d48988d18f941735,9.3
Art Museum,86,4bf58dd8d48988d18f941735,9.3
Bookstore,57,4bf58dd8d48988d114951735,9.3
Park,261,4bf58dd8d48988d163941735,9.2
Malay Restaurant,101,4bf58dd8d48988d156941735,9.2
Grocery Store,41,4bf58dd8d48988d118951735,9.1
Korean Restaurant,63,4bf58dd8d48988d113941735,9.1
Waterfront,37,56aa371be4b08b9a8d5734c3,9.0
Coffee Shop,146,4bf58dd8d48988d1e0931735,9.0
Sandwich Place,136,4bf58dd8d48988d1c5941735,9.0
Sculpture Garden,290,4bf58dd8d48988d166941735,9.0
Salon / Barbershop,43,4bf58dd8d48988d110951735,8.9
Salon / Barbershop,23,4bf58dd8d48988d110951735,8.9
Steakhouse,15,4bf58dd8d48988d1cc941735,8.8
Grocery Store,162,4bf58dd8d48988d118951735,8.8
Salon / Barbershop,154,4bf58dd8d48988d110951735,8.8
Salon / Barbershop,145,4bf58dd8d48988d110951735,8.7
Brewery,140,50327c8591d4c4b30a586d5d,8.6
Coffee Shop,141,4bf58dd8d48988d1e0931735,8.6
Pizza Place,48,4bf58dd8d48988d1ca941735,8.6
Park,109,4bf58dd8d48988d163941735,8.6
Juice Bar,38,4bf58dd8d48988d112941735,8.6
German Restaurant,32,4bf58dd8d48988d10d941735,8.6
Coffee Shop,130,4bf58dd8d48988d1e0931735,8.5
Coffee Shop,69,4bf58dd8d48988d1e0931735,8.5
Sandwich Place,123,4bf58dd8d48988d1c5941735,8.5
Park,121,4bf58dd8d48988d163941735,8.5
Theme Park Ride / Attraction,138,5109983191d435c0d71c2bb1,8.4
Playground,95,4bf58dd8d48988d1e7941735,8.4
Coffee Shop,92,4bf58dd8d48988d1e0931735,8.4
Food Truck,16,4bf58dd8d48988d1cb941735,8.4
Pizza Place,82,4bf58dd8d48988d1ca941735,8.4
Pizza Place,7,4bf58dd8d48988d1ca941735,8.4
Pizza Place,6,4bf58dd8d48988d1ca941735,8.4
Garden,541,4bf58dd8d48988d15a941735,8.4
Building,95,4bf58dd8d48988d130941735,8.4
Lounge,56,4bf58dd8d48988d121941735,8.4
Cocktail Bar,192,4bf58dd8d48988d11e941735,8.4
Cocktail Bar,98,4bf58dd8d48988d11e941735,8.4
Wedding Hall,860,56aa371be4b08b9a8d5734c5,8.3
Soup Place,35,4bf58dd8d48988d1dd931735,8.3
Seafood Restaurant,48,4bf58dd8d48988d1ce941735,8.3
Museum,127,4bf58dd8d48988d181941735,8.3
Park,832,4bf58dd8d48988d163941735,8.3
Trail,136,4bf58dd8d48988d159941735,8.3
Monument / Landmark,373,4bf58dd8d48988d12d941735,8.3
Beer Store,188,5370f356bcbc57f1066c94c2,8.2
Theme Park Ride / Attraction,104,5109983191d435c0d71c2bb1,8.2
Concert Hall,89,5032792091d4c4b30a586d5c,8.2
Historic Site,375,4deefb944765f83613cdba6e,8.2
Performing Arts Venue,6,4bf58dd8d48988d1f2931735,8.2
Spa,198,4bf58dd8d48988d1ed941735,8.2
Jazz Club,10,4bf58dd8d48988d1e7931735,8.2
Restaurant,118,4bf58dd8d48988d1c4941735,8.2
American Restaurant,82,4bf58dd8d48988d14e941735,8.2
Thai Restaurant,86,4bf58dd8d48988d149941735,8.2
Coffee Shop,185,4bf58dd8d48988d1e0931735,8.1
Bakery,134,4bf58dd8d48988d16a941735,8.1
New American Restaurant,40,4bf58dd8d48988d157941735,8.1
Cosmetics Shop,114,4bf58dd8d48988d10c951735,8.1
Coffee Shop,570,4bf58dd8d48988d1e0931735,8.0
Seafood Restaurant,35,4bf58dd8d48988d1ce941735,8.0
Mexican Restaurant,23,4bf58dd8d48988d1c1941735,8.0
Salad Place,160,4bf58dd8d48988d1bd941735,8.0
Bakery,44,4bf58dd8d48988d16a941735,8.0
Coffee Shop,78,4bf58dd8d48988d1e0931735,7.9
Coffee Shop,38,4bf58dd8d48988d1e0931735,7.9
Tea Room,29,4bf58dd8d48988d1dc931735,7.9
Plaza,142,4bf58dd8d48988d164941735,7.9
Trail,119,4bf58dd8d48988d159941735,7.9
Grocery Store,68,4bf58dd8d48988d118951735,7.9
Boutique,117,4bf58dd8d48988d104951735,7.9
Bubble Tea Shop,27,52e81612bcbc57f1066b7a0c,7.8
Brewery,66,50327c8591d4c4b30a586d5d,7.8
Farm,171,4bf58dd8d48988d15b941735,7.8
Chinese Restaurant,21,4bf58dd8d48988d145941735,7.8
Dive Bar,27,4bf58dd8d48988d118941735,7.8
Udon Restaurant,7,55a59bace4b013909087cb2a,7.7
Marijuana Dispensary,27,52c71aaf3cf9994f4e043d17,7.7
Taiwanese Restaurant,19,52af3b813cf9994f4e043c04,7.7
Board Shop,108,4bf58dd8d48988d1f1941735,7.7
Tattoo Parlor,5,4bf58dd8d48988d1de931735,7.7
Scenic Lookout,96,4bf58dd8d48988d165941735,7.7
Donut Shop,510,4bf58dd8d48988d148941735,7.7
Wine Shop,77,4bf58dd8d48988d119951735,7.7
Bar,281,4bf58dd8d48988d116941735,7.7
Korean Restaurant,25,4bf58dd8d48988d113941735,7.7
Shopping Mall,40,4bf58dd8d48988d1fd941735,7.6
Department Store,428,4bf58dd8d48988d1f6941735,7.6
Playground,413,4bf58dd8d48988d1e7941735,7.6
Coffee Shop,1892,4bf58dd8d48988d1e0931735,7.6
Gym,15,4bf58dd8d48988d176941735,7.6
Nightclub,185,4bf58dd8d48988d11f941735,7.6
Cocktail Bar,86,4bf58dd8d48988d11e941735,7.6
Coffee Shop,151,4bf58dd8d48988d1e0931735,7.5
Coffee Shop,73,4bf58dd8d48988d1e0931735,7.5
Dessert Shop,18,4bf58dd8d48988d1d0941735,7.5
Dessert Shop,16,4bf58dd8d48988d1d0941735,7.5
Taco Place,89,4bf58dd8d48988d151941735,7.5
Erotic Museum,66,559acbe0498e472f1a53fa23,7.4
Health & Beauty Service,23,54541900498ea6ccd0202697,7.4
Gym / Fitness Center,159,4bf58dd8d48988d175941735,7.4
Theater,7,4bf58dd8d48988d137941735,7.4
Theater,4,4bf58dd8d48988d137941735,7.4
Gift Shop,16,4bf58dd8d48988d128951735,7.4
Juice Bar,84,4bf58dd8d48988d112941735,7.4
Residential Building (Apartment / Condo),126,4d954b06a243a5684965b473,7.3
Gift Shop,13,4bf58dd8d48988d128951735,7.3
Supermarket,158,52f2ab2ebcbc57f1066b8b46,7.2
Brewery,98,50327c8591d4c4b30a586d5d,7.2
Coffee Shop,934,4bf58dd8d48988d1e0931735,7.2
BBQ Joint,26,4bf58dd8d48988d1df931735,7.2
Pizza Place,184,4bf58dd8d48988d1ca941735,7.2
Ice Cream Shop,62,4bf58dd8d48988d1c9941735,7.2
Gym,2,4bf58dd8d48988d176941735,7.2
Event Space,7,4bf58dd8d48988d171941735,7.2
Event Space,4,4bf58dd8d48988d171941735,7.2
Arts & Crafts Store,13,4bf58dd8d48988d127951735,7.2
Hardware Store,79,4bf58dd8d48988d112951735,7.2
Boutique,139,4bf58dd8d48988d104951735,7.2
Poke Place,67,5bae9231bedf3950379f89d4,7.1
Big Box Store,538,52f2ab2ebcbc57f1066b8b42,7.1
Discount Store,118,52dea92d3cf9994f4e043dbb,7.1
Coffee Shop,1282,4bf58dd8d48988d1e0931735,7.1
Lounge,24,4bf58dd8d48988d121941735,7.1
Bar,41,4bf58dd8d48988d116941735,7.1
Marijuana Dispensary,19,52c71aaf3cf9994f4e043d17,7.0
Department Store,250,4bf58dd8d48988d1f6941735,7.0
Sandwich Place,30,4bf58dd8d48988d1c5941735,7.0
Bagel Shop,8,4bf58dd8d48988d179941735,7.0
Bagel Shop,5,4bf58dd8d48988d179941735,7.0
Wings Joint,490,4bf58dd8d48988d14c941735,7.0
Beer Garden,107,4bf58dd8d48988d117941735,7.0
Pizza Place,70,4bf58dd8d48988d1ca941735,6.9
American Restaurant,8,4bf58dd8d48988d14e941735,6.9
American Restaurant,7,4bf58dd8d48988d14e941735,6.9
Bar,20,4bf58dd8d48988d116941735,6.9
Juice Bar,26,4bf58dd8d48988d112941735,6.9
Deli / Bodega,42,4bf58dd8d48988d146941735,6.8
Shipping Store,2073,52f2ab2ebcbc57f1066b8b1f,6.7
Mexican Restaurant,28,4bf58dd8d48988d1c1941735,6.7
Discount Store,44,52dea92d3cf9994f4e043dbb,6.6
Sandwich Place,88,4bf58dd8d48988d1c5941735,6.6
Post Office,181,4bf58dd8d48988d172941735,6.6
Video Store,756,4bf58dd8d48988d126951735,6.6
Shopping Mall,564,4bf58dd8d48988d1fd941735,6.5
Coffee Shop,25,4bf58dd8d48988d1e0931735,6.5
Coffee Shop,22,4bf58dd8d48988d1e0931735,6.5
Breakfast Spot,1361,4bf58dd8d48988d143941735,6.5
Shipping Store,36,52f2ab2ebcbc57f1066b8b1f,6.4
Dessert Shop,40,4bf58dd8d48988d1d0941735,6.4
Liquor Store,48,4bf58dd8d48988d186941735,6.4
Bar,85,4bf58dd8d48988d116941735,6.4
Gas Station,96,4bf58dd8d48988d113951735,6.4
Hardware Store,67,4bf58dd8d48988d112951735,6.4
Pharmacy,69,4bf58dd8d48988d10f951735,6.4
Bank,176,4bf58dd8d48988d10a951735,6.4
Bubble Tea Shop,22,52e81612bcbc57f1066b7a0c,6.3
Candy Store,1,4bf58dd8d48988d117951735,6.3
Candy Store,1,4bf58dd8d48988d117951735,6.3
Gas Station,672,4bf58dd8d48988d113951735,6.3
Fried Chicken Joint,961,4d4ae6fc7a7b7dea34424761,6.2
Art Gallery,39,4bf58dd8d48988d1e2931735,6.2
Mexican Restaurant,5,4bf58dd8d48988d1c1941735,6.2
Mexican Restaurant,5,4bf58dd8d48988d1c1941735,6.2
Donut Shop,125,4bf58dd8d48988d148941735,6.2
Bar,35,4bf58dd8d48988d116941735,6.2
General Entertainment,83,4bf58dd8d48988d1f1931735,6.1
Museum,2,4bf58dd8d48988d181941735,6.1
Museum,2,4bf58dd8d48988d181941735,6.1
Park,49,4bf58dd8d48988d163941735,6.1
Gas Station,1493,4bf58dd8d48988d113951735,6.1
Post Office,455,4bf58dd8d48988d172941735,6.0
English Restaurant,20,52e81612bcbc57f1066b7a05,5.9
English Restaurant,17,52e81612bcbc57f1066b7a05,5.9
Gas Station,607,4bf58dd8d48988d113951735,5.9
Mediterranean Restaurant,22,4bf58dd8d48988d1c0941735,5.8
Fast Food Restaurant,92,4bf58dd8d48988d16e941735,5.8
Café,3,4bf58dd8d48988d16d941735,5.8
Pub,151,4bf58dd8d48988d11b941735,5.8
Fried Chicken Joint,182,4d4ae6fc7a7b7dea34424761,5.7
Coffee Shop,7,4bf58dd8d48988d1e0931735,5.7
Seafood Restaurant,49,4bf58dd8d48988d1ce941735,5.7
Snack Place,23,4bf58dd8d48988d1c7941735,5.7
Snack Place,21,4bf58dd8d48988d1c7941735,5.7
Train Station,1006,4bf58dd8d48988d129951735,5.7
Paper / Office Supplies Store,294,4bf58dd8d48988d121951735,5.6
Gas Station,673,4bf58dd8d48988d113951735,5.6
Korean Restaurant,29,4bf58dd8d48988d113941735,5.5
Tex-Mex Restaurant,61,56aa371ae4b08b9a8d5734ba,5.4
American Restaurant,707,4bf58dd8d48988d14e941735,5.4
Pharmacy,75,4bf58dd8d48988d10f951735,5.4
Greek Restaurant,2,4bf58dd8d48988d10e941735,5.4
Greek Restaurant,1,4bf58dd8d48988d10e941735,5.4
Clothing Store,45,4bf58dd8d48988d103951735,5.4
Gym / Fitness Center,465,4bf58dd8d48988d175941735,5.3
Fast Food Restaurant,238,4bf58dd8d48988d16e941735,5.3
Fast Food Restaurant,142,4bf58dd8d48988d16e941735,5.2
American Restaurant,3,4bf58dd8d48988d14e941735,5.2
Bank,26,4bf58dd8d48988d10a951735,5.0
