Area,Neighborhood
Plano & North Dallas,Addison
Plano & North Dallas,Argyle
Plano & North Dallas,Bartonville
Plano & North Dallas,Celeste
Plano & North Dallas,Coppell
Plano & North Dallas,Corinth
Plano & North Dallas,Double Oak
Plano & North Dallas,Farmers Branch
Plano & North Dallas,Grapevine
Plano & North Dallas,Greenville
Plano & North Dallas,Hackberry
Plano & North Dallas,Hickory Creek
Plano & North Dallas,Highland Village
Plano & North Dallas,Justin
Plano & North Dallas,Lake Dallas
Plano & North Dallas,Murphy
Plano & North Dallas,Nevada
Plano & North Dallas,Pilot Point
Plano & North Dallas,Plano
Plano & North Dallas,Ponder
Plano & North Dallas,Renner
Plano & North Dallas,Richardson
Plano & North Dallas,Roanoke
Plano & North Dallas,Sachse
Plano & North Dallas,Sanger
Plano & North Dallas,Shady Shores
Plano & North Dallas,Shepton
Plano & North Dallas,Southlake
Plano & North Dallas,The Colony
Plano & North Dallas,Trophy Club
Plano & North Dallas,Westlake
Plano & North Dallas,Wolfe City
Plano & North Dallas,Cross Roads
Plano & North Dallas,Allen
Plano & North Dallas,Anna
Plano & North Dallas,Princeton
Plano & North Dallas,Aubrey
Plano & North Dallas,Blue Ridge
Plano & North Dallas,Caddo Mills
Plano & North Dallas,Wylie
Plano & North Dallas,Campbell
Plano & North Dallas,St. Paul
Plano & North Dallas,Royse City
Plano & North Dallas,Rowlett
Plano & North Dallas,Rockwall
Plano & North Dallas,Prosper
Plano & North Dallas,Carrollton
Plano & North Dallas,Melissa
Plano & North Dallas,McKinney
Plano & North Dallas,Celina
Plano & North Dallas,Commerce
Plano & North Dallas,Lucas
Plano & North Dallas,Little Elm
Plano & North Dallas,Copper Canyon
Plano & North Dallas,Lewisville
Plano & North Dallas,Krum
Plano & North Dallas,Denton
Plano & North Dallas,Josephine
Plano & North Dallas,Hebron
Plano & North Dallas,Garland
Plano & North Dallas,Frisco
Plano & North Dallas,Fairview
Plano & North Dallas,Flower Mound
Plano & North Dallas,Fate
Plano & North Dallas,Farmersville
Dallas,Arts District
Dallas,Bishop Arts District
Dallas,Bryan Place
Dallas,Casa Linda Estates
Dallas,Cityplace
Dallas,Deep Ellum
Dallas,Downtown
Dallas,Expo Park
Dallas,Fair Park
Dallas,Farmers Market
Dallas,Junius Heights
Dallas,Kings Highway Conservative District
Dallas,Knox-Henderson
Dallas,Koreatown
Dallas,Lake Cliff
Dallas,Lake Highlands
Dallas,Lakewood
Dallas,LoMac
Dallas,Lower Greenville
Dallas,M-Streets/Greenland Hills
Dallas,Main Street
Dallas,Munger Place
Dallas,NorthPark Center
Dallas,Oak Cliff
Dallas,Peak's Suburban Addition
Dallas,Preston Center
Dallas,Reunion
Dallas,State Thomas
Dallas,Swiss Avenue
Dallas,Telecom Corridor (Richardson)
Dallas,Turtle Creek
Dallas,Uptown
Dallas,Vickery Meadows
Dallas,Vickery Place
Dallas,Victory Park
Dallas,West End
Dallas,West Village
Dallas,Winnetka Heights
Dallas,Wynnewood North
Dallas,Preston Hollow
Dallas,Bluffview
Dallas,Cedar Crest
Dallas,City Center District
Dallas,Convention Center District
Dallas,Eagle Ford
Dallas,Farmers Market District
Dallas,Lake Caroline
Dallas,Love Field Area
Dallas,Main Street District
Dallas,Near East
Dallas,North Dallas
Dallas,Northeast Dallas
Dallas,Northwest Dallas
Dallas,South Boulevard-Park Row
Dallas,South Dallas
Dallas,Southeast Dallas
Dallas,Southwest Dallas
Dallas,Urbandale-Parkdale
Dallas,Wolf Creek
Dallas,m Streets
Dallas,Oak Lawn
Dallas,Five Mile Creek
East & South Dallas,Balch Springs
East & South Dallas,Brownsboro
East & South Dallas,Cedar Hill
East & South Dallas,Chandler
East & South Dallas,Cleburne
East & South Dallas,Crandall
East & South Dallas,Duncanville
East & South Dallas,Frankston
East & South Dallas,Garrett
East & South Dallas,Glenn Heights
East & South Dallas,Kaufman
East & South Dallas,Lancaster
East & South Dallas,Lone Oak
East & South Dallas,Maypearl
East & South Dallas,Oak Leaf
East & South Dallas,Oak Ridge
East & South Dallas,Ovilla
East & South Dallas,Palmer
East & South Dallas,Scurry
East & South Dallas,Sunnyvale
East & South Dallas,Terrell
East & South Dallas,Trinidad
East & South Dallas,Wills Point
East & South Dallas,Highland Park
East & South Dallas,University Park
East & South Dallas,Cockrell Hill
East & South Dallas,Alvarado
East & South Dallas,Seagoville
East & South Dallas,Midlothian
East & South Dallas,Mesquite
East & South Dallas,Athens
East & South Dallas,Waxahachie
East & South Dallas,Wilmer
East & South Dallas,Seven Points
East & South Dallas,Canton
East & South Dallas,Red Oak
East & South Dallas,Quinlan
East & South Dallas,Malakoff
East & South Dallas,Mabank
East & South Dallas,Kemp
East & South Dallas,DeSoto
East & South Dallas,Italy
East & South Dallas,Hutchins
East & South Dallas,Edgewood
East & South Dallas,Gun Barrel City
East & South Dallas,Ennis
East & South Dallas,Forney
East & South Dallas,Ferris
Fort Worth & West,Bedford
Fort Worth & West,Benbrook
Fort Worth & West,Blue Mound
Fort Worth & West,Colleyville
Fort Worth & West,Crowley
Fort Worth & West,Dallas-Fort Worth International Airport
Fort Worth & West,Euless
Fort Worth & West,Everman
Fort Worth & West,Forest Hill
Fort Worth & West,Haltom City
Fort Worth & West,Hurst
Fort Worth & West,Irving
Fort Worth & West,Keller
Fort Worth & West,Lake Worth
Fort Worth & West,Mansfield
Fort Worth & West,North Richland Hills
Fort Worth & West,Richland Hills
Fort Worth & West,River Oaks
Fort Worth & West,Saginaw
Fort Worth & West,Watagua
Fort Worth & West,Westworth
Fort Worth & West,White Settlement
Fort Worth & West,Dalworthington Gardens
Fort Worth & West,Pantego
Fort Worth & West,Arlington
Fort Worth & West,Burleson
Fort Worth & West,Kennedale
Fort Worth & West,Grand Prairie
Fort Worth & West,Fort Worth
Wylie,Lavon
Watagua,Watauga
Garland,Camelot
Garland,Apollo Arapaho And Camelot
Garland,Coomer Creek
Garland,Firewheel Estates
Garland,Mill Creek Crossing
Garland,Oakridge
Arlington,Central
Arlington,East
Fort Worth,Eastside
Fort Worth,South East
Other neighborhoods close to Dallas,Heath
Other neighborhoods close to Dallas,West
Other neighborhoods close to Dallas,Parker
